HOME,AWAY
Nurnberg II / Pipinsried,
Schalding / Munich 1860,
Walldorf / Stutt. Kickers,
Verl / Alemannia Aachen,
Westfalia Rhynern / Erndtebruck,
Koln II / Wiedenbruck,
Ufa / Akhmat Grozny,
Prespa Birlik / Kvarnby,
Bangkok Glass / Port MTI FC,
Ch. Odessa U21 / Oleksandriya U21,
Sarawak FA / Penang,
Obod / Navbahor Namangan,
Den Haag (Ned)  / Excelsior (Ned),
BK Frem / Hillerod,
AB Copenhagen / Hvidovre,
Sydvest / VSK Aarhus,
Reims / Orleans,
Pahang / Kedah,
Perak / PKNS FC,
Selangor / Johor DT,
Kelantan / Felda Utd.,
Finnsnes / Kjelsas,
Start / Mjondalen,
Olimpiyets / Shinnik Yaroslavl,
Tyumen / Kuban,
Nordvarmland / Grebbestads,
Gauthiod / Lerums IS,
Anundsjo / Moron,
Vimmerby / Nybro,
Ratchaburi / Nakhon Ratchasima,
Din. Samarkand / Met. Bekobod,
Braunschweig / Heidenheim,
TSV Havelse / Braunschweig II,
Lechia Gdansk / Gornik Z.,
LASK Linz / St. Polten,
Dnepr Mogilev / Vitebsk,
Hobro / Randers FC,
Bristol City / Barnsley,
Fulham / Norwich,
Ipswich / Birmingham,
Preston / Sheffield Wed,
QPR / Reading,
Wolves / Middlesbrough,
Burton / Cardiff,
Bradford / Blackpool,
Bury / Walsall,
Charlton / Bristol Rovers,
Fleetwood Town / Rotherham,
Milton Keynes Dons / Wigan,
Oldham / Oxford Utd,
Peterborough / Plymouth,
Scunthorpe / AFC Wimbledon,
Shrewsbury / Northampton,
Accrington / Colchester,
Chesterfield / Grimsby Town,
Coventry / Notts County,
Crewe / Mansfield,
Exeter / Cambridge Utd,
Morecambe / Cheltenham,
Stevenage / Newport,
Bromley / Eastleigh,
Halifax / Aldershot,
Torquay / Tranmere,
Woking / Gateshead,
Wrexham / Macclesfield,
Brackley / United of Manchester,
Harrogate / Nuneaton,
Kidderminster / Chorley,
Salford / Darlington,
Southport / Boston,
Tamworth / Bradford PA,
York / Telford,
Dartford / Hungerford,
East Thurrock / Hampton,
Eastbourne Borough / Braintree,
Hemel / Whitehawk,
Oxford City / St. Albans,
Truro / Welling,
Wealdstone / Concord,
Weston / Poole Town,
Sudet / Klubi 04,
Ilves / JJK Jyvaskyla,
KuPS / Rovaniemi,
AC Oulu / Jaro,
KPV Kokkola / Haka,
Ventspils / Jelgava,
Dergview / Annagh,
Portstewart / Limavady,
Nybergsund / Follo,
Asker / Raufoss,
K. Oslo / Grorud,
Egersunds / Notodden,
Gryf Wejherowo / GKS Jastrzebie,
Kursk / Baltika,
Spartak Moscow 2 / Yenisey,
Arsenal Tula U21 / Tosno U21,
Dumbarton / Morton,
Inverness / Dundee Utd,
Livingston / Dunfermline,
St. Mirren / Falkirk,
Albion Rovers / Ayr,
Alloa / Raith,
Forfar Athletic / Airdrieonians,
Stranraer / East Fife,
Annan / Peterhead,
Berwick / Clyde,
Edinburgh City / Montrose,
Elgin City / Cowdenbeath,
Dundee FC / Ross County,
Hibernian / Partick,
Kilmarnock / St Johnstone,
Halmstad / Jonkopings,
Varbergs / Osters,
GAIS / Falkenbergs,
FC Poltava / Kramatorsk,
Helios / Arsenal Kiev,
Karpaty / Stal Kamianske,
Vorskla Poltava U21 / Dynamo Kiev U21,
Zorya U21 / Olimpik Donetsk U21,
Neftchi Fargona / Shortan Guzor,
Olmaliq / Buxoro,
Crystal Palace (Eng)  / Schalke (Ger),
Burnley (Eng)  / Hannover (Ger),
Southampton (Eng)  / Sevilla (Esp),
Petrolera / Jaguares de Cordoba,
ASA / Fortaleza,
Salgueiro / Botafogo PB,
Coquimbo / Cobresal,
Barnechea / La Serena,
Once Caldas / Bucaramanga,
Philadelphia Union / FC Dallas,
DC United / Toronto FC,
Montreal Impact / Orlando City,
Puerto Rico / Jacksonville A.,
Miami FC / North Carolina,
Indy Eleven / Edmonton,
Orlando Pride W / Chicago W,
Kingborough Lions / Clarence Utd.,
Devonport / South Hobart,
Launceston / Hobart Zebras,
Valentine / Edgeworth E.,
Lambton J. / Maitland,
Beijing Technology / Jiangsu Yancheng,
Karvina U19 / Plzen U19,
Brno U19 / Zlin U19,
Slovacko U19 / Pribram U19,
E.G. El Palmar (Esp)  / Muleno (Esp),
La Nucia (Esp)  / Elche (Esp),
Connahs Q. (Wal)  / Flint (Wal),
Amberg / Grossbardorf,
Berkane (Mar)  / Moghreb Tetouan (Mar),
Sassuolo (Ita)  / Castelvetro (Ita),
Wismar / CFC Hertha,
1.FC Frankfurt / Schwerin,
Barleben / Merseburg,
Rembang / Pontianak,
Hoffenheim (Ger)  / Bologna (Ita),
Eintracht Frankfurt (Ger)  / Betis (Esp),
Heilongjiang Lava / Shenyan Dongjin,
Lindsdals / IFK Malmo,
Assyriska IF / Sylvia,
Yadah / Tsholotsho,
How Mine / Ngezi Platinum FC,
Platinum / Chicken Inn,
Breda (Ned)  / Almere City (Ned),
De Treffers (Ned)  / Oss (Ned),
1. FSV Mainz 05 (Ger)  / Twente (Ned),
Juventus Managua / San Francisco,
Lillestrom U19 / Sarpsborg U19,
Chrobry Glogow U19 / Slask W. U19,
Wisla U19 / R. Rzeszow U19,
Mioveni / Afumati,
Luceafarul Oradea / Sportul Snagov,
Genclerbirligi (Tur)  / Osmanlispor (Tur),
Chorrillo / Independiente,
Cincinnati / Orlando City 2,
Bermeo (Esp)  / Basconia (Esp),
Cardiff Metropolitan (Wal)  / Carmarthen Town (Wal),
Lienden (Ned)  / Den Bosch (Ned),
VVSB (Ned)  / Waalwijk (Ned),
Ballyclare (Nir)  / Glenavon (Nir),
Portadown (Nir)  / Ballymena (Nir),
Newtown (Wal)  / Newcastle Town (Eng),
Alebrijes Oaxaca / UAEM Potros,
Minnesota / Seattle Sounders,
San Francisco Deltas / New York Cosmos,
Club Leon / Cruz Azul,
Everton / San Luis,
Sonsonate / Alianza FC,
Chalatenango / Aguila,
Chicago Fire / New England Revolution,
San Antonio / Orange County SC,
Real Espana / Platense,
Juarez / Correcaminos,
Esteli / Real Madriz,
Santa Gema / Plaza Amador,
Alianza Lima / U. San Martin,
Liberia / Herediano,
Real Salt Lake / Houston Dynamo,
Colorado Rapids / Vancouver Whitecaps,
Guadalajara Chivas / Necaxa,
San Jose Earthquakes / Columbus Crew,
Charlestown City Blues / Weston Bears,
Lake Macquarie / Hamilton Olympic,
Olympia Warriors / Northern Rangers,
Manly Utd / Sydney Utd,
Blacktown City / APIA Tigers,
Rockdale City Suns / Wollongong Wolves,
Brisbane U21 / Northern Fury,
Sydney Olympic / Hakoah Sydney,
Perth Glory U21 / Bayswater,
Balikpapan / Perseru Serui,
Sakhalin / Chita,
Smena Komsomolsk / Zenit Irkutsk,
Zizkov / Varnsdorf,
Opava B / Dolni Benesov,
Dukla Prague U21 / Teplice U21,
Plzen U21 / Ceske Budejovice U21,
Karvina U21 / Sigma Olomouc U21,
Hradec Kralove U21 / Sparta Prague U21,
Lyngby / Nordsjaelland,
Odra Opole U19 / Piast Gliwice U19,
Busan / Anyang,
Seoul E. / Seongnam,
Pohang / Jeonnam,
Jeonbuk / Ulsan Hyundai,
Sangju Sangmu / Gangwon,
Covilha / Sporting B,
BEC Tero Sasana / Thai Navy,
Regensburg / Nurnberg,
Furstenwalde / Lokomotive Leipzig,
Barito Putera / Persija Jakarta,
Guangzhou R&amp;F / Liaoning,
Mariehamn / SJK,
VPS / PS Kemi,
VfL Osnabruck / Hallescher,
Magdeburg / Wurzburger Kickers,
Lichtenberg / Brieselang,
St. Pauli II / Norderstedt,
Saarbrucken / Kassel,
TuS Koblenz / Freiburg II,
Wattenscheid / Dusseldorf II,
RW Essen / Wuppertaler,
Arsenal Tula / Tosno,
Sisaket / Muang Thong Utd,
APEJES Academy / Dragon de Yaounde,
Roskilde / Thisted FC,
Viborg / Esbjerg,
Fredericia / Vendsyssel FF,
F. Amager / Koge,
Motherwell / Rangers,
VfB Stuttgart (Ger)  / Betis (Esp),
Oldenburg / BSV Rehden,
Ull/Kisa / Sandnes,
Hammarby / Hacken,
Sundsvall / Ostersunds,
Kalmar / Goteborg,
Atvidabergs / Dalkurd,
Aue / Dusseldorf,
Banants Yerevan / Pyunik Yerevan,
Flamengo RJ / Vitoria,
Jablonec / Plzen,
Jihlava / Slovacko,
Odense / Aalborg,
JBK / VIFK,
GBK Kokkola / Kajaanin Haka,
Chikhura / Shukura,
Petange / Benfica,
Fola / Victoria Rosport,
Racing Luxembourg / Niedercorn,
Aberdeen / Hamilton,
Hudiksvalls / Soderhamns,
Torns / IFK Hassleholm,
Xamax / Vaduz,
Luzern / Grasshoppers,
St. Gallen / Sion,
Young Boys / Lausanne,
Ch. Odessa / Oleksandriya,
Qizilqum Zarafshon / Pakhtakor,
Sogdiana / Bunyodkor,
Newcastle Utd (Eng)  / Verona (Ita),
Rapid Vienna / Austria Vienna,
Union Douala / Canon Yaounde,
Eding Sport / Aigle Royal,
CSKA Moscow / Rubin Kazan,
Nasaf Qarshi / Kokand 1912,
Gandzasar / Ararat Yerevan,
Hard / Wacker Innsbruck (Am),
Neman / Isloch Minsk,
Krupa / Sloboda,
Vlasim / Ceske Budejovice,
Kozlovice / Frydlant n. O.,
Angers / Bordeaux,
Asante Kotoko / Hearts of Oak,
Jonava / Trakai,
Braga B / U. Madeira,
Nacional / Penafiel,
CD Cova da Piedade / Santa Clara,
Academico Viseu / Academica,
FC Porto B / Gil Vicente,
Ullareds IK / Torslanda,
Brommapojkarna / Trelleborgs,
Metropolitanos / Lara,
SC Freiburg (Ger)  / Torino (Ita),
FC Minsk / BATE,
GrIFK / Ekenas,
CS U. Craiova / Astra,
Zhodino / Slutsk,
Anderlecht / Oostende,
O'Higgins / Colo Colo,
Ostrava / Slavia Prague,
Brondby / FC Copenhagen,
Debrecen / Ferencvaros,
Maccabi Tel Aviv / Netanya,
Odd / Sogndal,
Stabaek / Sandefjord,
Tromso / Molde,
Viking / Lillestrom,
Jerv / Fredrikstad,
Floro / Kongsvinger,
Strommen / Levanger,
Tromsdalen / Elverum,
Asane / Ranheim,
Sporting Cristal / Juan Aurich,
Cracovia / Lech Poznan,
Varzim / Guimaraes B,
Sp. Subotica / Partizan,
LDU Quito / Guayaquil City,
Saburtalo Tbilisi / Lokomotiv Tbilisi,
Venezia / Pordenone,
Dun. Streda / Ruzomberok,
Vorskla Poltava / Dyn. Kiev,
FK Zorya Luhansk / Olimpik Donetsk,
Yehuda / Maccabi Petah Tikva,
Mattersburg / Sturm Graz,
CSKA Sofia / Lok. Plovdiv,
Zeledon / Saprissa,
D. Zagreb / Hajduk Split,
EL Nacional / Dep. Cuenca,
Suduva / Stumbras,
Differdange / Mondorf,
Toluca / Atlas,
Aves / Sporting,
Zenit Petersburg / Spartak Moscow,
Krasnodar / Ural,
Alajuelense / Santos DG,
Besiktas / Konyaspor,
Club Brugge KV / Eupen,
Borac Banja Luka / Mladost DK,
FK Sarajevo / GOSK Gabela,
Xelaju / Malacateco,
Ujpest / Vasas,
H. Beer Sheva / Beitar Jerusalem,
Aalesund / Brann,
Concordia / FCSB,
FK Crvena zvezda / Cukaricki,
Domzale / ND Gorica,
Portland Timbers / Los Angeles Galaxy,
Alaves (Esp)  / Levante (Esp),
Garcilaso / Comerciantes Unidos,
Pisa / Frosinone,
Bournemouth (Eng)  / Napoli (Ita),
Ternana / Trapani,
Petrolero de Yacuiba / Bolivar,
Cruzeiro / Botafogo RJ,
Bahia / Sao Paulo,
Marseille / Dijon,
Sol de America / Nacional Asuncion,
Setubal / Moreirense,
Iberia / Valdivia,
Huachipato / A. Italiano,
Portuguesa / Carabobo,
Cobreloa / San Marcos de Arica,
Barranquilla / Cartagena,
Fuerza A. / Macara,
Cienciano / Alfredo Salinas,
Estudiantes Merida / La Guaira,
Dep. Cali / Patriotas,
Pereira / Bogota,
Llaneros / Popayan,
Cajamarca / U. de Deportes,
Santa Rosa / Carlos Manucci,
Remo / Confianca,
Luis Angel Firpo / Municipal Limeno,
Motagua / Real Sociedad,
Vida / Marathon,
Ocotal / Managua FC,
Willy Serrato / Huaral,
Caracas / Aragua,
Dep. Tachira / Atl. Venezuela,
FAS / Metapan,
Ponte Preta / Vasco,
Avai / Santos,
Cuiaba Esporte / Sampaio Correa,
Antofagasta / Deportes Iquique,
Cartagines / Limon,
CD Honduras / Olimpia,
Arabe Unido / Miguelito,
New York City / New York Red Bulls,
Millonarios / Junior,
Sport Rosario / Alianza Atl.,
Veracruz / Puebla,
Maranhao / Operario,
UMS de Loum / Les Astres,
Colombe Lobo / Bamboutos FC,
Helmond (Ned)  / Al Ahli Dubai (Uae),
Sofapaka / Thika Utd.,
Rathenow / Seelow,
Altludersdorf / TB Berlin,
Barcelona Atletico / Atletico Pantoja,
Gonsenheim / Jagersburg,
Szeged / Bekescsaba 1912,
PPSM Magelang / Persipur P.,
Lobi / Abia Warriors,
Kano / Plateau,
Niger Tornadoes / El Kanemi,
Wikki / Enugu Rangers,
MFM FC / Enyimba,
Ifeanyi Ubah / Nasarawa,
Haninge / Varmbols,
Sodertalje FK / Orebro Syr.,
Gute / Stromsbergs,
Skiljebo / Aspudden Tellus,
Charlotte Independ. / Louisville City,
Pittsburgh / Richmond Kickers,
Oklahoma City Energy / Real Monarchs,
Los Angeles 2 / Phoenix Rising,
Sacramento Republic / Vancouver Whitecaps 2,
Comunicaciones / Guastatoya,
Inter (Ita)  / Villarreal (Esp),
Sloga Simin Han / Metalleghe,
Comunidad Valencian U20 / Sevilla U20,
Brezice / Brda,
FC Augsburg (Ger)  / PSV (Ned),
Hamburger SV (Ger)  / Espanyol (Esp),
Marquense / Petapa,
Highlanders / Harare City,
CAPS Utd / ZPC Kariba,
Hwange / Chapungu Utd,
Alianza / San Francisco,
Streymur / Klaksvik,
NSI Runavik / TB/FCS/Royn,
Skala Itrottarfelag / 07 Vestur Sorvagur,
Vikingur / HB Torshavn,
Spal (Ita)  / Chievo (Ita),
Union La Calera / S. Morning,
Dep. Pasto / America De Cali,
PSM Makassar / Mitra Kukar,
FC Astana / Ordabasy,
T. Moscow / Chertanovo M.,
Ulyanovsk / Syzran,
Znamya Truda / Krasnogorsk,
Lok. Tashkent / Mashal Muborak,
Naftan / Din. Minsk,
Mlada Boleslav / Sparta Prague,
Galway / Dundalk,
RFS / Metta/LU,
Kaluga / Energomash Belgorod,
FC Gomel / Shakhtyor Soligorsk,
D. Bryansk / Pskov 747,
Arka Gdynia / Korona Kielce,
Sonderjyske / Aarhus,
Stromsgodset / Valerenga,
Norrkoping / AFC Eskilstuna,
Djurgarden / Malmo FF,
Trollhattan / Uddevalla,
Norrtalje / Sundbybergs,
Fenerbahce (Tur)  / Cagliari (Ita),
Feirense / Tondela,
Din. Bucuresti / Gaz Metan Medias,
Winterthur / Aarau,
Mannheim / Elversberg,
St. Pauli / SG Dynamo Dresden,
Bradford PA / Southport,
Hungerford / Weston,
Oriente Petrolero / U. Sucre,
Osijek / Rijeka,
Rio Ave / Belenenses,
San Jose / Blooming,
Real Santander / Cucuta,
Londrina / Vila Nova FC,
Recreativo Huelva (Esp)  / Cadiz CF (Esp),
Olbia / Arzachena,
Pontedera / Modena,
Andria / Bisceglie,
Siena / Gavorrano,
Genoa (Ita)  / Heerenveen (Ned),
Rah Ahan / Shahrdari Mahshahr,
Khooneh Be Khooneh / Rafsanjan,
Gol Gohar / Oxin Alborz,
Iranjavan / Mazandaran,
Naft Ahvaz / Machine Sazi,
Valencia U20 / Santos U20,
Slavia Prague U21 / Jablonec U21,
Liberec U21 / Mlada Boleslav U21,
TSV Steinbach (Ger)  / FC Koln (Ger),
BJMC / Abahani Chittagong,
Cortulua / Santa Fe,
SKA Khabarovsk / FK Anzi Makhackala,
Rubin Kazan U21 / Lokomotiv Moscow U21,
Ural U21 / Zenit Petersburg U21,
Boeung Ket / Global,
Angust Nazran / Spartak Nalchik,
Brothers U. / Rahmatgonj MFS,
FC Botosani / Poli Timisoara,
France U19 W / Netherlands U19 W,
Armavir / Dynamo Stavropol,
Amkar / Ufa,
Hodonin / Vitkovice,
Maritimo / Ferreira,
FC Viitorul / Voluntari,
St. Polten (Am) / SK Rapid Vienna (Am),
Moadon Sport Ashdod / H. Beer Sheva,
Wacker Innsbruck / A. Lustenau,
Kapfenberg / BW Linz,
FAC Wien / Wattens,
Kastrup / AB Copenhagen,
H. Akko / Sakhnin,
Stadl Paura / Florian,
Pasching / Gleisdorf,
Lafnitz / SC Weiz,
Deutschlandsberger / Kalsdorf,
Furth II / Augsburg II,
Osters / GAIS,
El Masry / Zamalek,
Chateauroux / Clermont,
Tours / Niort,
Bourg Peronnas / Reims,
Valenciennes / Sochaux,
Vikingur Reykjavik / Vestmannaeyjar,
Hapoel Haifa / Maccabi Haifa,
Oliveirense / Benfica B,
Bradford / Doncaster,
Mansfield / Rochdale,
Wigan / Blackpool,
Peterborough / Barnet,
Wycombe / Fulham,
Luton / Ipswich,
Aldershot / Torquay,
Barrow / Halifax,
Boreham Wood / Dagenham &amp; Red.,
Dover Ath. / Bromley,
Eastleigh / Sutton,
Ebbsfleet / Maidstone,
Gateshead / Guiseley,
Tranmere / Woking,
Telford / Brackley,
Boston / Alfreton,
Chorley / Salford,
Leamington / Tamworth,
North Ferriby / Harrogate,
Nuneaton / Kidderminster,
Stockport / Curzon,
Concord / Hemel,
Hampton / Oxford City,
St. Albans / Wealdstone,
Welling / Chelmsford,
Whitehawk / East Thurrock,
Real Madrid / Manchester United,
Wisla / Plock,
St Johnstone / Partick,
Hibernian / Ayr,
Celtic / Kilmarnock,
Lens / AC Ajaccio,
Akranes / KR Reykjavik,
Hafnarfjordur / Valur,
Las Palmas (Esp)  / Tenerife (Esp),
Santa Cruz / Criciuma,
Orlando Pride W / Washington Spirit W,
Kechnec / Bardejov,
FK Nove Zamky / Slovan Bratislava,
Jammerbugt / Odder,
Sleipner / Linkoping City,
Husum BK / Bornholm,
Kamenica nad Cirochou / Podbrezova,
Atl. Madrid U20 / Villarreal U20,
Valerenga 2 / Skeid,
Bramming / Agerbaek/Starup,
Atlante / Club Tijuana,
San Juan Jabloteh / Santos DG,
Fortaleza / Quindio,
Orange County SC / Colorado Springs,
Club America / UAEM Potros,
Necaxa / Monarcas,
Alianza FC / Platense,
Ulsan Hyundai / Sangju Sangmu,
Muktijoddha Sangsad / Arambagh,
Chongqing Lifan / Shandong Luneng,
Henan Jianye / Changchun Yatai,
Sibir / Kuban,
Shinnik Yaroslavl / FK Krylya Sovetov Samara,
Ventspils / Spartaks,
Astra / Concordia,
Orenburg / R. Volgograd,
FC Tambov / F. Voronezh,
Tyumen / Luch Energiya,
Akhmat Grozny U21 / Krasnodar U21,
Ural / Zenit Petersburg,
Kraluv Dvur / Mas Taborsko,
Zivanice / Varnsdorf,
Mseno / Jablonec,
Vltavin / Teplice,
Slavicin / Karvina,
Zdirec n. D. / Trinec,
Hulin / Ostrava,
Valasske Mezirici / Lisen,
Kauno Zalgiris / Trakai,
FC Dnipro Cherkasy / Helios,
Sumy / Mykolaiv,
Kremin / Obolon Brovar Kyjev,
MFK Dobris / Liberec,
HIFK / VPS,
PS Kemi / Ilves,
Arsenal Kiev / Volyn Lutsk,
FK Chimki Moskovska oblast / Kursk,
Backa / Napredak,
Desna / Kolos Kovalyovka,
Holstebro / Aarhus Fremad,
Vejlby Risskov / Skive,
Herlufsholm / Koge,
Lillestrom / Tromso,
Haugesund / Molde,
Sarpsborg 08 / Odd,
Spartak Moscow / Arsenal Tula,
APOEL / Apollon,
Rumori Calcio / Kadakas,
BFC Dynamo / Nordhausen,
Zalgiris / Suduva,
GKS Belchatow / Chojniczanka,
Legnica / Sandecja Nowy S.,
Baltika / Yenisey,
Rubin Kazan / Lokomotiv Moscow,
FK Rostov / Dynamo Moscow,
Dalkurd / Frej,
Orgryte / Brommapojkarna,
Falkenbergs / Varnamo,
Fredericia / Esbjerg,
Mjondalen / Brann,
Al Ahly / Smouha,
Heidenheim / Aue,
Fjolnir / KA Akureyri,
Maccabi Petah Tikva / Maccabi Tel Aviv,
Pogon Szczecin / Lech Poznan,
Zaglebie / Jagiellonia,
FC Porto / Estoril,
Cukaricki / Mladost,
Borac / Vojvodina,
Partizan / FK Vozdovac,
Servette Geneve FC / Wil,
Wohlen / Xamax,
Lausanne / Lugano,
St. Gallen / Luzern,
Young Boys / Thun,
Alcorcon (Esp)  / Getafe (Esp),
Garcilaso / Dep. Municipal,
Sheffield Utd / Walsall,
Leeds / Port Vale,
FCSB / Poli Iasi,
Rangers / Dunfermline,
Hamilton / Aberdeen,
AC Milan (Ita)  / Betis (Esp),
Granada CF (Esp)  / Malaga (Esp),
Olafsvik / Grindavik,
Stjarnan / Breidablik,
Benfica / Braga,
AC Lala FC / Monagas,
JBL Zulia / Trujillanos,
Atl. Socopo / Zamora,
U.C.R. / Liberia,
Atl. Nacional / La Equidad,
Ponte Preta / Fluminense,
Nacional Potosi / Real Potosi,
Osasuna (Esp)  / UD Logrones (Esp),
Harrisburg City Islanders / Rochester,
Dynamo Barnaul / Omsk,
Santos U20 / Sevilla U20,
OSC Bremerhaven / Bremer,
Los Andes / Estudiantes Merida,
Falcon / Carabobo,
VfR Neumunster / Flensburg,
NTSV Strand 08 / Holstein Kiel II,
Schilksee / Neumunster,
Municipal / Coban Imperial,
Guastatoya / Marquense,
Ol. Nicosia (Cyp)  / Karmiotissa (Cyp),
Vinogradar (Cro)  / Zapresic (Cro),
Oss (Ned)  / Al Ahli Doha (Qat),
Aris (Cyp)  / Omonia (Cyp),
Leganes B (Esp)  / Rayo Majadahonda (Esp),
FK Slovan Sahy / Borcice,
Veracruz / Club Leon,
Toronto FC 2 / Charlotte Independ.,
Pachuca / Queretaro,
Herediano / Limon,
Juarez / Guadalajara Chivas,
Dynamo Kiev U21 / Zirka Kropyvnytskyi U21,
Tampines / Albirex Niigata,
Liaoning / Guangzhou Evergrande,
Hebei / Shanghai SIPG,
Utenis / Stumbras,
Lahti / Inter Turku,
Rovaniemi / Mariehamn,
Esteghlal Khuzestan / Saipa,
Naft Tehran / Persepolis,
Dila Gori / Saburtalo Tbilisi,
SJK / HJK,
Atlantas / Jonava,
Akhmat Grozny / Krasnodar,
Goteborg / AIK,
Trelleborgs / Degerfors,
Helsingborg / Atvidabergs,
CFR Cluj / Din. Bucuresti,
Radnik / FK Crvena zvezda,
Javor / Sp. Subotica,
Aarau / Schaffhausen,
Vaduz / Winterthur,
Basel / Grasshoppers,
Zurich / Sion,
Pistoiese (Ita)  / Fiorentina (Ita),
Kopavogur / Selfoss,
Guimaraes / Chaves,
Botafogo RJ / Club Nacional,
Harare City / Shabanie,
Siquinala / Comunicaciones,
Petapa / Antigua,
Freamunde (Por)  / Vilaverdense (Por),
Gavorrano (Ita)  / Pianese (Ita),
R. Sociedad B (Esp)  / R. Union (Esp),
Atromitos (Gre)  / Olympiakos Piraeus (Gre),
Zamudio (Esp)  / Ath Bilbao B (Esp),
Aguilas (Esp)  / Almeria (Esp),
Lugo (Esp)  / Mallorca (Esp),
Gimnastic (Esp)  / Zaragoza (Esp),
Folgore Caratese (Ita)  / Novara (Ita),
Valladolid (Esp)  / Rayo Vallecano (Esp),
Murcia (Esp)  / Hercules (Esp),
Landsberg / Wolfratshausen,
Lorca FC (Esp)  / Bani Yas (Uae),
Cartagena (Esp)  / Albacete (Esp),
Bantu Rovers / Black Rhinos,
Chicken Inn / Triangle,
Persepam Madura / Persebaya,
Bialystok U19 / LKS Lodz U19,
Terchova / Presov,
Chlebnice / Trencin,
Namestovo / AFC Nove Mesto,
Roznava / Senica,
Sol / Vysne Opatske,
FK Cana / SK Odeva Lipany,
Skala Stryj / Zhytomyr,
Ternopil / Podillya Khmelnytskyi,
Ahrobiznes Volochysk / Bukovyna,
Atl. Madrid U20 / Morocco U20,
Valencia U20 / Levante U20,
Napoli (Ita)  / Espanyol (Esp),
Yehuda / H. Beer Sheva,
Arabe Unido / Central FC,
Ind. Medellin / Santa Fe,
America De Cali / Dep. Cali,
Alajuelense / Olimpia,
Mitra Kukar / Barito Putera,
Olimpik Donetsk U21 / Ch. Odessa U21,
Ceske Budejovice U19 / Karvina U19,
Redlands / Brisbane City,
Montedio Yamagata / Kanazawa,
Kusatsu / Kamatamare,
Chiba / Renofa Yamaguchi,
Gifu / Okayama,
Ehime / Mito,
Verdy / Kumamoto,
Tokushima / Yokohama,
Oita / Machida,
Logan Lightning / Holland Park Hawks,
Oakleigh Cannons / Pascoe Vale,
Sriwijaya / Semen Padang,
Hougang / NagaWorld,
Global / Boeung Ket,
Fulham U23 / Middlesbrough U23,
Nosta / Kamaz,
Anzhi U21 / Dynamo Moscow U21,
Lokomotiv Tbilisi / Torpedo Kutaisi,
CSKA Moscow U21 / Spartak Moscow U21,
Oleksandriya U21 / Shakhtar Donetsk U21,
Stal Kamianske U21 / Vorskla Poltava U21,
Bunyodkor / Olmaliq,
Dynamo SPB 2 / Pskov 747,
Pyunik Yerevan / Gandzasar,
Aktobe / FC Astana,
LKS Lodz / Kluczbork,
Penza / Kaluga,
Dolgoprudny / Chertanovo M.,
S. Kostroma / Tekstilshtik,
Cherno More / Slavia Sofia,
Isloch Minsk / Gorodeja,
EsPa / SalPa,
TPS / Honka,
OPS / KPV Kokkola,
Wislanie Jaskowice / S. Rzeszow,
Veres Rivne U21 / Zorya U21,
Warta Poznan / ROW Rybnik,
BATE / Brest,
Slavia Prague / Jihlava,
Vitkovice / Znojmo,
Paide / Narva,
Flora / Tulevik,
Infonet Tallinn / Levadia,
Sanat Naft / Padideh Khorasan,
Dyn. Kiev / Zirka Kropyvnytskyi,
A. Lustenau / Kapfenberg,
Hartberg / Liefering,
FAC Wien / Neustadt,
Hvidovre / Naestved,
Radomiak Radom / Rozwoj Katowice,
Nitra / Z. Moravce,
Gleisdorf / Union Gurten,
Florian / Sturm Graz (Am),
SC Weiz / Allerheiligen,
Kalsdorf / Lafnitz,
Parndorf / Amstetten,
Kufstein / Schwaz,
Neftci Baku / Qarabag,
Rijeka / D. Zagreb,
Silkeborg / Helsingor,
Nice / Troyes,
TuS Koblenz / SG Dynamo Dresden,
Ingolstadt II / Buchbach,
Den Haag / Utrecht,
Sandefjord / Sogndal,
Olsztyn / Podbeskidzie,
Malmo FF / Kalmar,
Cadiz CF (Esp)  / Las Palmas (Esp),
Schwechat / FK Austria Vienna (Am),
Horn / Neusiedl,
Wiener Sportklub / Ebreichsdorf,
Drochtersen/Assel / Wolfsburg II,
Traiskirchen / Mannsdorf,
Sunderland U23 / Tottenham U23,
Niort / Auxerre,
Orleans / AC Ajaccio,
Quevilly Rouen / Bourg Peronnas,
Tours / Reims,
Valenciennes / Clermont,
Brest / GFC Ajaccio,
Paris FC / Le Havre,
Avranches / Dunkerque,
Beziers / Concarneau,
Chambly / Les Herbiers,
Consolat / Creteil,
Lyon Duchere / Pau,
Thor Akureyri / IR Reykjavik,
Poli Timisoara / FC Viitorul,
Manchester City U23 / Chelsea U23,
Maribor / Domzale,
Waregem / Club Brugge KV,
Cercle Brugge KSV / St. Gilloise,
Legia / Piast Gliwice,
Rennes / Lyon,
RW Essen / B. Monchengladbach,
Holstein Kiel / Braunschweig,
Waterford / Shelbourne,
Cabinteely / UC Dublin,
Ballymena / Crusaders,
Partick / Celtic,
Basaksehir / Bursaspor,
Bala / Newtown,
Hajduk Split / Belupo,
Shamrock Rovers / Glenville,
Afturelding / Njardvik,
Leiknir / Fylkir,
Keflavik / Throttur,
Grotta / Haukar,
Sporting / Setubal,
Valencia (Esp)  / Atalanta (Ita),
Malaga (Esp)  / Villarreal (Esp),
Diaz / Independiente,
Rubio Nu / Nacional Asuncion,
Vila Nova FC / Boa,
Grossbardorf / Sand,
Reutlingen / Ravensburg,
Dassendorf / Rugenbergen,
TuS RW Koblenz / FC 08 Homburg,
Hottur / Sindri,
Apollon (Cyp)  / Nea Salamis (Cyp),
Angelholms (Swe)  / Rosengard (Swe),
Cabecense (Esp)  / Sanluqueno (Esp),
Panathinaikos (Gre)  / Smyrnis (Gre),
Tulsa Roughnecks / Saint Louis,
Vanersborgs IF / Vanersborgs FK,
Lidkopings FK / Gauthiod,
Aspudden Tellus / Karlbergs,
Petrolero de Yacuiba / San Jose,
Saturn Ramenskoye / Energomash Belgorod,
Bayern Hof / Eltersdorf,
Osasuna (Esp)  / Eibar (Esp),
BJMC / Abahani Limited,
Gimhae / Gyeongju KHNP,
Klaksvik / Vikingur,
Banga / Dziugas Telsiai,
Palanga / Stumbras 2,
O'Higgins / U. Espanola,
Zacatecas Mineros / Alebrijes Oaxaca,
Puebla / Club Tijuana,
America MG / Nautico,
Deportes Tolima / Huila,
Atl. San Luis / Atlante,
Correcaminos / Tampico Madero,
San Francisco / Atl. Veraguense,
Edmonton / New York Cosmos,
Cafetaleros de Tapachula / Venados,
Atlas / Club America,
Newcastle Jets U21 / Lambton J.,
North Geelong / Melbourne Knights,
Avondale FC / Bulleen,
Adelaide City / West Adelaide,
Campbelltown City / Adelaide Comets,
NE Metrostars / Croydon Kings,
Launceston / Olympia Warriors,
Albany Creek / Rochedale,
Peninsula / Ipswich Knights,
SWQ Thunder / Moreton Bay Utd,
Green Gully / Hume City,
Perth Glory U21 / Subiaco,
Bayswater / Armadale,
Balcatta / Stirling Lions,
Mandurah City / ECU Joondalup,
Sorrento / Floreat Athena,
Inglewood Utd / Cockburn City,
Ufa U21 / FK Rostov U21,
Capalaba FC / Souths,
Mitchelton / Eastern Suburbs,
Hamilton Olympic / Broadmeadow,
Brisbane Strikers / Brisbane U21,
Persija Jakarta / Balikpapan,
Calarasi / Mioveni,
Satu Mare / Clinceni,
Pandurii / Chindia Targoviste,
Luceafarul Oradea / Ripensia Timisoara,
Vltavin / Pisek,
Gold Coast City / Western Pride,
Otrokovice / Rymarov,
Ostrava U19 / Opava U19,
Zlin U19 / Slovacko U19,
Leganes (Esp)  / Atl. Madrid (Esp),
Sigma Olomouc U19 / Hradec Kralove U19,
Braunschweig U19 / Dresden U19,
Wehen U19 / Stuttgart U19,
Seoul E. / Bucheon FC 1995,
Sangju Sangmu / Incheon,
Jeonnam / Jeonbuk,
Academica / Braga B,
Odra Opole / Legnica,
Grebbestads / Trollhattan,
Soderhamns / Skelleftea,
Torslanda / Tenhults,
Arema FC / Persib Bandung,
Persela Lamongan / PSM Makassar,
Shandong Luneng / Shanghai Shenhua,
Sheikh Russel / Abahani Chittagong,
Middelfart / Hellerup,
Erlangen / Aschaffenburg,
Seligenporten / Rosenheim,
Furth II / Memmingen,
Garching / Burghausen,
Kassel / Stuttgart II,
Ulm / Kickers Offenbach,
FSV Frankfurt / Worms,
Alemannia Aachen / Rodinghausen,
Wiedenbruck / Viktoria Koln,
Dortmund II / Wattenscheid,
Oberhausen / Verl,
Dusseldorf II / Westfalia Rhynern,
Vidar / Egersunds,
Ufa / FK Rostov,
FBK Karlstad / Nordvarmland,
Valbo FF / Harnosands,
IFK Berga / Prespa Birlik,
Kvarnby / Torns,
Lunds / Lindsdals,
Mariupol U21 / Karpaty U21,
Kaisar Kyzylorda / Tobol,
Domazlice / Nymburk,
Kolding IF / Greve IF,
Jammerbugt / Sydvest,
Sochaux / Lens,
Shakhtar Karagandy / Ordabasy,
Stabaek W / Roa W,
Cape Town City / Polokwane,
Bodens / Hudiksvalls,
Hoganas / Lindome,
Met. Bekobod / Mashal Muborak,
Kokand 1912 / Obod,
Sandecja Nowy S. / Plock,
Druids / Cardiff Metropolitan,
Llandudno / Carmarthen Town,
Alashkert / Ararat Yerevan,
Altach / Salzburg,
Brno / Bohemians 1905,
Plzen / Sigma Olomouc,
Lyngby / Sonderjyske,
Billericay / Kingstonian,
Burgess Hill / Needham,
Dulwich Hamlet / Staines,
Enfield Town / Folkestone,
Harrow / Harlow,
Leatherhead / Lowestoft,
Metropolitan / Worthing,
Tonbridge / Hendon,
Barnsley / Ipswich,
Birmingham / Bristol City,
Derby / Wolves,
Leeds / Preston,
Millwall / Bolton,
Reading / Fulham,
Sheffield Wed / QPR,
Cardiff / Aston Villa,
AFC Wimbledon / Shrewsbury,
Blackburn / Doncaster,
Blackpool / Milton Keynes Dons,
Bristol Rovers / Peterborough,
Gillingham FC / Bradford,
Northampton / Fleetwood Town,
Oxford Utd / Portsmouth,
Plymouth / Charlton,
Rochdale / Scunthorpe,
Rotherham / Southend,
Walsall / Oldham,
Barnet / Luton,
Cambridge Utd / Carlisle,
Cheltenham / Crawley Town,
Colchester / Stevenage,
Crewe / Newport,
Port Vale / Wycombe,
Swindon / Exeter,
Yeovil / Accrington,
Barwell / Whitby,
Grantham / Marine,
Hednesford / Ashton Utd,
Warrington / Rushall,
Workington / Halesowen,
Chelsea / Burnley,
Crystal Palace / Huddersfield,
Everton / Stoke City,
West Brom / Bournemouth,
Southampton / Swansea,
Banbury / Dorchester,
Biggleswade Town / Chesham,
Redditch / Dunstable Town,
Slough / Kettering,
Weymouth / St Ives,
Merthyr Town / Hitchin,
Aldershot / Guiseley,
Barrow / Woking,
Boreham Wood / Solihull,
Chester / Halifax,
Eastleigh / Dagenham &amp; Red.,
Gateshead / Torquay,
Macclesfield / Bromley,
Tranmere / Sutton,
Dover Ath. / Wrexham,
Telford / Salford,
Blyth Spartans / Tamworth,
Bradford PA / York,
Chorley / Curzon,
Darlington / Alfreton,
United of Manchester / Kidderminster,
North Ferriby / Brackley,
Nuneaton / Gainsborough,
Stockport / Harrogate,
Bath City / Chelmsford,
Concord / Truro,
Hampton / Eastbourne Borough,
Hungerford / Hemel,
Poole Town / East Thurrock,
St. Albans / Weston,
Welling / Bognor,
Whitehawk / Oxford City,
HB Torshavn / NSI Runavik,
TB/FCS/Royn / B36 Torshavn,
Viikingit / Espoo,
Jazz Pori / TPV,
VIFK / AC Kajaani,
OTP / GBK Kokkola,
Haka / GrIFK,
Ekenas / AC Oulu,
Samtredia / Dinamo Tbilisi,
Pipinsried / Augsburg II,
Ballinamallard / Glentoran,
Dungannon / Coleraine,
Linfield / C. Rangers,
Baerum Sportsklubb / Nybergsund,
Alta / K. Oslo,
Kjelsas / Grorud,
Byasen / Nardo,
Lokomotiv Moscow U21 / Tosno U21,
Brechin / Livingston,
Dundee Utd / Queen of South,
Dunfermline / Inverness,
Falkirk / Dumbarton,
Morton / St. Mirren,
Airdrieonians / Arbroath,
Ayr / Forfar Athletic,
East Fife / Alloa,
Raith / Stranraer,
Clyde / Annan,
Cowdenbeath / Edinburgh City,
Montrose / Stenhousemuir,
Peterhead / Elgin City,
Stirling / Berwick,
Hamilton / Dundee FC,
Kilmarnock / Hearts,
Rangers / Hibernian,
Ross County / Aberdeen,
St Johnstone / Motherwell,
Halmstad / Sirius,
Skoftebyns / Stenungsunds,
Rappe GOIF / Asarums,
Osters / Gefle,
Stal Kamianske / Vorskla Poltava,
Shortan Guzor / Din. Samarkand,
Pakhtakor / Neftchi Fargona,
Navbahor Namangan / Qizilqum Zarafshon,
Buxoro / Nasaf Qarshi,
Kitzbuhel / Altach (Am),
CSKA Moscow / Spartak Moscow,
Sogdiana / Lok. Tashkent,
Grodig / SV Worgl,
Hohenems / Saalfelden,
Wacker Innsbruck (Am) / Dornbirn,
Torpedo Minsk / Smolevichi STI,
Slutsk / Neman,
KSV Roeselare / Leuven,
Pribram / Vlasim,
07 Vestur Sorvagur / Streymur,
IF Fuglafjordur / Skala Itrottarfelag,
Nantes / Marseille,
Pruszkow / Gryf Wejherowo,
Moreirense / Feirense,
Sporting B / Academico Viseu,
Lok. Kosice / I. Bratislava,
Bardejov / Poprad,
Samorin / AFC Nove Mesto,
Altdorf / Servette Geneve FC,
OFK Petrovac / Sutjeska,
Iskra / KOM,
Zeta / Buducnost,
Mladost Podgorica / Decic,
Grbalj / Rudar,
Rakow / Chojniczanka,
Garbarnia / Siarka Tarnobrzeg,
Kriens / Luzern,
Seekirchen / Hard,
Inter Baku / Gabala,
Vitebsk / Naftan,
KV Mechelen / Gent,
Infonet Tallinn II / Flora U21,
Kalju / Tammeka,
Annecy / Raon L Etape,
Furiani Agliani / Lille II,
Honved / Ujpest,
Ferencvaros / Paks,
DVTK / Puskas Academy,
Vestmannaeyjar / Hafnarfjordur,
H. Raanana / Maccabi Tel Aviv,
FK Liepaja / RFS,
Trakai / Zalgiris,
Molde / Rosenborg,
Wisla Pulawy / Legionowo,
Lech Poznan / Zaglebie,
Chernomorets Novorossijsk / Vladikavkaz,
ND Gorica / Aluminij,
GAIS / Syrianska,
Hausen / Hergiswil,
Austria Vienna / LASK Linz,
St. Polten / Mattersburg,
Sturm Graz / AC Wolfsberger,
FC Copenhagen / Horsens,
Middlesbrough / Sheffield Utd,
Erfurt / Hoffenheim,
Regensburg / Darmstadt,
Venlo / Sparta Rotterdam,
PSV / AZ Alkmaar,
Warrenpoint / Glenavon,
Michalovce / Presov,
Admira (Am) / Stadlau,
Lok. Zagreb / Osijek,
U. Catolica / Macara,
FK Anzi Makhackala / Dynamo Moscow,
Pohronie / Spisska Nova Ves,
Ruzomberok / Trnava,
Trencin / Podbrezova,
Akhisar Genclik Spor / Sivasspor,
Genclerbirligi / Kardemir Karabuk,
Real Sociedad (Esp)  / Gijon (Esp),
Albacete (Esp)  / Getafe (Esp),
Belenenses / Maritimo,
Bangor Celtic / Everton AFC,
Sport Huancayo / FBC Melgar,
Pajde Mohlin / Lausanne,
Ath Bilbao (Esp)  / Alaves (Esp),
Eupen / Kortrijk,
Lokeren / Mouscron,
Ludogorets / Vereya,
Bordeaux / Metz,
Caen / St Etienne,
Toulouse / Montpellier,
Bray / Cork City,
Beitar Jerusalem / Ashkelon,
FCSB / Astra,
Reus Deportiu (Esp)  / Girona (Esp),
Kaizer Chiefs / Supersport Utd,
NK Olimpija Ljubljana / Rudar,
Westerlo / Tubize,
Zeljeznicar / Borac Banja Luka,
Videoton / Debrecen,
Benevento / Perugia,
Wisla / Cracovia,
Wurzburger Kickers / SV Werder Bremen,
Cobh Ramblers / Limerick,
Sassuolo / Spezia,
Sampdoria / Foggia,
Heracles / Ajax,
Vitesse / Breda,
Alanyaspor / Kasimpasa,
Goztepe / Fenerbahce,
Adanaspor AS / Denizlispor,
Atletico GO / Coritiba,
Tupi / Macae,
Zapresic / Istra 1961,
Bari / Cremonese,
JBL Zulia / Portuguesa,
Ceara / CRB,
Parana / ABC,
Deportes Temuco / Huachipato,
Boavista / Rio Ave,
Algeria / Libya,
Dep. Municipal / Ayacucho,
Seattle Sounders / Sporting Kansas City,
Bucaramanga / Cortulua,
Leones / Fortaleza,
Valledupar / Pereira,
Santa Rosa / Alfredo Salinas,
Guayaquil City / EL Nacional,
Marathon / Platense,
Carabobo / Dep. Anzoategui,
Aragua / Metropolitanos,
Vitoria / Avai,
Figueirense / Goias,
Oeste / Paysandu PA,
D. Puerto Montt / Iberia,
Zacatepec / Murcielagos,
Queretaro / Monarcas,
Cruz Azul / Toluca,
Toronto FC / Portland Timbers,
Aguilas / Once Caldas,
Salgueiro / ASA,
Junior / Envigado,
DC United / Real Salt Lake,
Harrisburg City Islanders / Pittsburgh,
Columbus Crew / Chicago Fire,
New York Red Bulls / Orlando City,
North Carolina / Jacksonville A.,
Puerto Rico / San Francisco Deltas,
Miami FC / Indy Eleven,
Pribram U19 / Mlada Boleslav U19,
Bohemians 1905 U19 / Brno U19,
Ol. Nicosia (Cyp)  / Aris (Cyp),
AEL Limassol (Cyp)  / Ermis (Cyp),
Lichtenberg (Ger)  / Berliner AK 07 (Ger),
Cambuur (Ned)  / Helmond (Ned),
Mirandes (Esp)  / R. Oviedo (Esp),
Eindhoven FC (Ned)  / Al Ahli Dubai (Uae),
Barcelona B (Esp)  / Lleida (Esp),
CF Salmantino (Esp)  / Toledo (Esp),
Achilles 29 W (Ned)  / Duisburg W (Ger),
Rosengard W (Swe)  / Brondby W (Den),
RB Leipzig U19 / Union Berlin U19,
Wolfsburg U19 / Hertha U19,
Augsburg U19 / Nurnberg U19,
Heider SV / TSV Lagerdorf,
Hessen Dreieich / Lehnerz,
Dornbreite Lubeck / Todesfelde,
Brunninghausen / ASC 09 Dortmund,
1. Goppinger Sportverein 1895 / Spielberg,
SV Saar 05 Saarbrucken / Karbach,
DJK Bamberg / Amberg,
Pullach / Schwabmunchen,
Vilzing / Heimstetten,
Karlsruher II / Bissingen,
Freiberg / Sandhausen II,
Jagersburg / Mechtersheim,
Kaiserslautern II / Pirmasens,
Weiden / Spvgg Ansbach 09,
Erlenbach / Jahn Forchheim,
Al Faisaly Amman / Al Jazeera Amman,
Forward / Skiljebo,
Habo / Gute,
Motala / Sodertalje FK,
Washington Spirit W / Boston Breakers W,
Orlando Pride W / Sky Blue W,
Lisen / Uhersky Brod,
Pomorie / Botev Galabovo,
Neftochimic Burgas / Oboriste,
Luch Minsk / Chimik Svetlogorsk,
Osipovici / Neman Agro,
NK Vitez / Sloboda,
Petrocub / Speranta Nisporeni,
Zrinjski / Krupa,
Juventus Managua / Diriangen,
San Francisco / Chinandega,
Hebei Elite / Shenyang Urban FC,
LKS Lodz U19 / UK Lodz U19,
Jagiellonia U19 / S. Rzeszow U19,
Atletico Pantoja / Barcelona Atletico,
Kungsbacka W / AIK W,
Mallbackens W / Kalmar W,
Vasteras W / Boljan W,
Lublin U19 / Plock U19,
SKA Rostov / FK Chayka,
Krasnodar 2 / Dynamo Stavropol,
Spartak Nalchik / Biolog,
Zaragoza (Esp)  / Eibar (Esp),
Werder Bremen III / Schwachhausen,
St. Pauli U19 / Hannover U19,
Plaza Amador / Miguelito,
Angust Nazran / Legion Dynamo,
Mashuk / FC Akademia,
Maykop / Kuban 2,
Charleston / New York Red Bulls 2,
Louisville City / Cincinnati,
Horovicko / Malse Roudne,
UAEM Potros / Juarez,
Monterrey / Guadalajara Chivas,
FC Dallas / Colorado Rapids,
New England Revolution / Vancouver Whitecaps,
Philadelphia Union / Montreal Impact,
Chicago W / Portland Thorns W,
San Felipe / Magallanes,
Sonsonate / Chalatenango,
Swope Park / Orange County SC,
La Equidad / Millonarios,
Liberia / Guadalupe,
Santa Gema / Tauro,
Houston Dynamo / San Jose Earthquakes,
Celaya / Cimarrones de Sonora,
Necaxa / Club Leon,
Los Angeles Galaxy / New York City,
Sunshine Coast / F.N.Q. Heat,
South Hobart / Hobart Zebras,
Sapporo / Kofu,
Weston Bears / Valentine,
Maitland / Adamstown Rosebud,
Edgeworth E. / Lake Macquarie,
Parramatta Eagles / Bonnyrigg White Eagles,
Hakoah Sydney / Manly Utd,
Sutherland Sharks / Sydney Olympic,
Sydney Utd / Blacktown City,
APIA Tigers / Rockdale City Suns,
South Melbourne / Bentleigh Greens,
Perseru Serui / Bhayangkara Utd,
Krasnodar U21 / Amkar U21,
Changchun Yatai / Yanbian,
Pusamania Borneo / PS TNI,
SKA Khabarovsk / Rubin Kazan,
Teplice U21 / Liberec U21,
Zlin U21 / Trinec U21,
Mlada Boleslav U21 / Slavia Prague U21,
Bohemians 1905 U21 / Hradec Kralove U21,
Chemnitzer FC U19 / Osnabruck U19,
Bielefeld U19 / Paderborn U19,
Oberhausen U19 / Dusseldorf U19,
Zenit Petersburg U21 / Akhmat Grozny U21,
Vegalta Sendai / Hiroshima,
Omiya Ardija / Albirex Niigata,
FC Tokyo / Kobe,
Kawasaki Frontale / Kashima,
Yokohama M. / Sagan Tosu,
Suwon City / Ansan Greeners,
Daejeon / Busan,
Gwangju FC / Daegu,
Ulsan Hyundai / Pohang,
Gangwon / Jeju Utd,
Arouca / FC Porto B,
Zwolle / Roda,
Avarta / Dalum IF,
Karlsruher U19 / Mainz U19,
Fortuna Koln U19 / Preussen Munster U19,
Okzhetpes / K. Almaty,
Sandviken W / Medkila W,
Brunei DPMM / Home Utd,
Albirex Niigata / Tampines,
Guangzhou Evergrande / Henan Jianye,
Beijing Guoan / Liaoning,
Shanghai SIPG / Chongqing Lifan,
Din. Minsk / Zhodino,
Roskilde / Skive,
Brabrand / F. Amager,
Koge / Vendsyssel FF,
Thisted FC / Fredericia,
Bremen U19 / Holstein Kiel U19,
Niendorfer TSV / Condor Hamburg,
NTSV Strand 08 / Neumunster,
Stumbras / Atlantas,
Tomsk / Shinnik Yaroslavl,
Bafoussam / Canon Yaounde,
Dragon de Yaounde / Les Astres,
Norwich / Sunderland,
Newcastle Utd / Tottenham,
Feyenoord / Twente,
Willem II / Excelsior,
Arsenal Tula U21 / Ural U21,
Sokolov / Mas Taborsko,
Strasbourg / Lille,
Wandsbeker Concordia / TuS Osdorf,
Bocholt / SW Essen,
Homberg / Baumberg,
Hilden / Jahn Hiesfeld,
VfL Oldenburg / Gifhorn,
Paderborn II / Gutersloh,
Hildesheim / Hamburger SV II,
Atyrau / I. Pavlodar,
Taraz / FK Akzhayik,
Jelgava / Spartaks,
Elverum / Bodo/Glimt,
Mamelodi Sundowns / Maritzburg Utd,
Hammarby / Ostersunds,
AIK / AFC Eskilstuna,
Varbergs / Brommapojkarna,
Shirak Gyumri / Banants Yerevan,
Munich 1860 / Ingolstadt,
Braunschweig II / Hannover II,
Lierse / Beerschot Wilrijk,
Sao Paulo / Cruzeiro,
Teplice / Jablonec,
Randers FC / Brondby,
Wigan / Bury,
Stourbridge / Matlock,
JJK Jyvaskyla / PS Kemi,
Chikhura / Dinamo Batumi,
Oberachern / Neckarsulmer,
Jonava / Utenis,
Victoria Rosport / UNA Strassen,
Benfica / Esch,
Mondorf / Dudelange,
Notodden / V. Haugesund,
Kursk / Yenisey,
FC Tambov / R. Volgograd,
Nykopings / Umea FC,
IFK Hassleholm / Hassleholms IF,
Admira / Rapid Vienna,
Celik Zenica / Radnik Bijeljina,
CS U. Craiova / FC Botosani,
Groningen / Heerenveen,
Zira / Sabail,
Slavia Mozyr / FC Gomel,
Nesebar / Ludogorets II,
Colombe Lobo / APEJES Academy,
San Luis / U. De Chile,
Karvina / Mlada Boleslav,
Dukla Prague / Zlin,
Varnsdorf / Ceske Budejovice,
Tasovice / Blansko,
Velka Bites / Zdirec n. D.,
Tisnov / Zdar na Sazavou,
Vrchovina / Slavoj Polna,
Manchester United / West Ham,
Pobeda / Pelister,
Dijon / Monaco,
Lubeck / BSV Rehden,
Fram / Leiknir F.,
Modena / Pistoiese,
Chrobry Glogow / Tychy,
S. Wola / GKS Belchatow,
Ferreira / Aves,
Gil Vicente / CD Cova da Piedade,
Santa Clara / Covilha,
F. Voronezh / Spartak Moscow 2,
FK Krylya Sovetov Samara / Dynamo SPB,
Zenit Petersburg 2 / Baltika,
FK Crvena zvezda / Backa,
Vinbergs / Ullareds IK,
Varnamo / Dalkurd,
Kolos Kovalyovka / Obolon Brovar Kyjev,
La Guaira / Dep. Tachira,
Mladost DK / FK Sarajevo,
GOSK Gabela / Siroki Brijeg,
Mikkelin Kissat / PEPO,
Klubi 04 / Lahti Akatemia,
Kajaanin Haka / Narpes Kraft,
Heeslinger / Uphusen,
Budafoki / Soroksar,
Jonkopings / Orebro,
Norrkoping / Djurgarden,
Beroe / Botev Plovdiv,
Shakhtyor Soligorsk / FC Minsk,
Charleroi / Anderlecht,
Liberec / Sparta Prague,
Aarhus / Odense,
Shukura / Poti,
Netanya / Yehuda,
Mestre / Sudtirol,
Santarcangelo / Fano,
Riga FC / Metta/LU,
Suduva / Kauno Zalgiris,
Hodd / Bryne,
Aalesund / Viking,
Brann / Odd,
Haugesund / Stabaek,
Fredrikstad / Levanger,
Mjondalen / Tromsdalen,
Sandnes / Asane,
Korona Kielce / Jagiellonia,
Benfica B / Nacional,
Guimaraes B / Oliveirense,
Penafiel / Famalicao,
Inhulets / Sumy,
Popayan / Atletico F.C.,
LDU Quito / Ind. del Valle,
Wehen / Aue,
Slovan Bratislava / Dun. Streda,
Boluspor / Giresunspor,
Samsunspor / Gaziantep,
Olimpik Donetsk / Ch. Odessa,
Shmona / Hapoel Haifa,
SumQayit / Kapaz,
Alajuelense / Herediano,
Cartagines / Santos DG,
Zeledon / Carmelita,
CD Clan Juvenil / Barcelona SC,
Gyirmot SE / Nyiregyhaza,
Sport Ancash / Carlos Manucci,
Stal Mielec / Ol. Grudziadz,
Braga / Portimonense,
Poli Iasi / Din. Bucuresti,
Zenit Petersburg / Akhmat Grozny,
Krasnodar / Amkar,
Vojvodina / Partizan,
Trabzonspor / Konyaspor,
Antigua / Xelaju,
Dundalk / Derry City,
Jeunesse Esch / Differdange,
St. Truiden / St. Liege,
Levski / Dunav Ruse,
Marquense / Siquinala,
Maccabi Haifa / H. Akko,
Stromsgodset / Lillestrom,
Union Comercio / Sporting Cristal,
Zaglebie Sosnowiec / Pogon Siedlce,
Napredak / Borac,
Radnicki Nis / Rad Beograd,
Valdivia / Cobreloa,
S. Morning / Barnechea,
Nublense / Rangers,
U. De Concepcion / Antofagasta,
Santa Fe / Tigres,
Verona / Avellino,
Prato / Siena,
Juventus / Lazio,
Besiktas / Antalyaspor,
Balikesirspor / Adana Demirspor,
Gaziantepspor / Umraniyespor,
U. Sucre / Real Potosi,
Vasco / Palmeiras,
Sport Recife / Ponte Preta,
Botafogo SP / Sao Bento,
America RN / Juazeirense,
Copiapo / Cobresal,
Guingamp / Paris SG,
Guarani / Dep. Capiata,
Tondela / FC Porto,
Limon / Saprissa,
Dep. Cuenca / Delfin,
Bolivar / Wilstermann,
Juticalpa / Motagua,
Real Sociedad / CD Honduras,
Los Caimanes / Deportivo Coopsol,
Barcelona / Real Madrid,
Trujillanos / Mineros,
Jaguares de Cordoba / Atl. Nacional,
U. Magdalena / Barranquilla,
Alianza Atl. / Cajamarca,
Comerciantes Unidos / Alianza Lima,
U. San Martin / Garcilaso,
Monagas / Estudiantes Merida,
Fortaleza / Cuiaba Esporte,
A. Italiano / Deportes Iquique,
Orsomarso / Cucuta,
Aguila / Luis Angel Firpo,
Willy Serrato / Sport Loreto,
Nacional Potosi / The Strongest,
Alianza FC / Santa Tecla,
Botafogo RJ / Gremio,
Olimpia / Vida,
Chorrillo / Arabe Unido,
America De Cali / Petrolera,
Ind. Medellin / Patriotas,
Zamora / Caracas,
Santos Laguna / Veracruz,
R. Rzeszow U19 / Bialystok U19,
Petapa / Guastatoya,
Linkoping City / Huddinge,
Varmbols / Assyriska IF,
Richmond Kickers / Orlando City 2,
Portland 2 / Sacramento Republic,
Bethlehem / Toronto FC 2,
Gangneung / Mokpo City,
Husqvarna (Swe)  / Sollentuna (Swe),
Dordrecht (Ned)  / Waalwijk (Ned),
Atromitos (Gre)  / Panionios (Gre),
Graafschap (Ned)  / FC Emmen (Ned),
Pergolettese (Ita)  / Inveruno (Ita),
Aris (Gre)  / Panetolikos (Gre),
AEL Larissa (Gre)  / Xanthi FC (Gre),
Bezanija (Srb)  / Borca (Srb),
Zrece (Slo)  / Odranci (Slo),
Anorthosis (Cyp)  / Aris (Cyp),
Lorca FC (Esp)  / Murcia (Esp),
Mallorca (Esp)  / Sevilla FC B (Esp),
R. Oviedo (Esp)  / Valladolid (Esp),
Ath Bilbao B (Esp)  / Barakaldo (Esp),
Atletico Pinto (Esp)  / G. Segoviana (Esp),
Dvur Kralove / Kolin,
Caslav / Pardubice B,
Novy Jicin / Opava B,
Cadiz CF (Esp)  / Villarreal (Esp),
Las Palmas (Esp)  / Malaga (Esp),
Coban Imperial / Malacateco,
PS Badung / Persekam Metro,
Mura / Radomlje,
Rabotnicki / Renova,
Shkendija / Vardar,
Zimbru Chisinau / Zaria Balti,
Tulsa Roughnecks / Oklahoma City Energy,
Real Monarchs / Colorado Springs,
Enugu Rangers / Sunshine Stars,
Plateau / MFM FC,
El Kanemi / Ifeanyi Ubah,
Nasarawa / Lobi,
Akwa / Niger Tornadoes,
Abia Warriors / Shooting,
Managua FC / Real Madriz,
Comunicaciones / Municipal,
Houston Dash W / Kansas City W,
U. de Deportes / AD Cantolao,
Seattle Reign W / North Carolina Courage W,
Seattle 2 / Vancouver Whitecaps 2,
Sigma Olomouc U21 / Slovacko U21,
Luch Energiya / Sibir,
Asan Mugunghwa / Anyang,
Sparta Prague U21 / Dukla Prague U21,
Jihlava U21 / Karvina U21,
Seongnam / Gyeongnam,
Gresik / Persipura Jayapura,
NagaWorld / Hougang,
Tianjin Teda / Hebei,
Leicester U23 / Manchester United U23,
Coventry U23 / Bolton U23,
Crystal Palace U23 / Burnley U23,
Ipswich U23 / Crewe U23,
Norwich U23 / Brighton U23,
Charlton U23 / Barnsley U23,
Millwall U23 / Huddersfield U23,
Valerenga / Tromso,
Hacken / Sundsvall,
Elfsborg / Goteborg,
Atvidabergs / Orgryte,
Aston Villa U23 / West Brom U23,
Blackburn U23 / Wolves U23,
Southampton U23 / Reading U23,
Bristol City U23 / Sheffield Utd U23,
Breidablik / Vikingur Reykjavik,
Grindavik / Akranes,
Estoril / Guimaraes,
FK Vozdovac / Javor,
Mladost / Radnik,
Niedercorn / Fola,
KR Reykjavik / Valur,
Kingstonian / Burgess Hill,
Dorchester / Basingstoke,
Hitchin / St. Neots,
Curzon / Telford,
Chelmsford / St. Albans,
Wealdstone / Havant &amp; Waterlooville,
Nimes / Nancy,
Galatasaray / Kayserispor,
Bogota / Real Santander,
Chaves / Benfica,
Santos / Fluminense,
Cartagena / Llaneros,
Kozlovice / Slavicin,
Trakai 2 / Zalgiris 2,
Otrant / Bokelj,
Quindio / Chico,
Emelec / Fuerza A.,
SV Worgl / Wacker Innsbruck (Am),
Hard / Hohenems,
Unterfohring / Pipinsried,
Burghausen / Schalding,
Garching / Bayern II,
Altach (Am) / Johann,
Prostejov / Opava,
Sillamae / Flora,
Spartakus Daleszyce / Orleta Radzyn Podlaski,
Stadlau / Schwechat,
USK Anif / Kitzbuhel,
Stade Gabesien / JS Kairouan,
CO Medenine / Esperance Tunis,
Saalfelden / Kufstein,
Narva / Infonet Tallinn,
Qarabag (Aze)  / FC Copenhagen (Den),
Heidenheim U19 / Hoffenheim U19,
Liefering / FAC Wien,
Wattens / A. Lustenau,
Kapfenberg / Neustadt,
Seligenporten / SpVgg Bayreuth,
Follo / Valerenga 2,
Girona (Esp)  / Manchester City (Eng),
Neusiedl / Admira (Am),
FK Austria Vienna (Am) / Wiener Sportklub,
VSK Aarhus / Lyseng,
Tammeka / Levadia,
Trelleborgs / Norrby,
Degerfors / Falkenbergs,
Mannsdorf / SK Rapid Vienna (Am),
Amstetten / Horn,
Folkestone / Merstham,
Harlow / Dulwich Hamlet,
Hendon / Enfield Town,
Lowestoft / Billericay,
Birmingham / Bolton,
Brentford / Bristol City,
Derby / Preston,
Hull City / Wolves,
Leeds / Fulham,
Middlesbrough / Burton,
Cardiff / Sheffield Utd,
Halesowen / Barwell,
Marine / Workington,
Rushall / Grantham,
Stafford / Sutton Coldfield,
Witton / Buxton,
Coalville / Stourbridge,
Matlock / Hednesford,
Chesham / Banbury,
Dunstable Town / Kings Langley,
Gosport / Slough,
Kettering / Redditch,
Stratford / Merthyr Town,
Halifax / Dover Ath.,
Guiseley / Tranmere,
Hartlepool / Chester,
Maidstone / Aldershot,
Solihull / Barrow,
Sutton / Macclesfield,
Torquay / Boreham Wood,
Wrexham / Gateshead,
Alfreton / North Ferriby,
Brackley / Nuneaton,
Harrogate / Chorley,
Salford / Stockport,
Tamworth / Boston,
York / Darlington,
Chippenham Town / Poole Town,
Dartford / Concord,
Eastbourne Borough / Welling,
Hemel / Hampton,
Oxford City / Hungerford,
Truro / Bath City,
Sporting (Por)  / FCSB (Rou),
Limerick / Shamrock Rovers,
Sligo Rovers / Bray,
Ards / Linfield,
C. Rangers / Ballymena,
Coleraine / Cliftonville,
Crusaders / Warrenpoint,
Glentoran / Dungannon,
Queen of South / Airdrieonians,
Aberdeen U20 / St Johnstone U20,
Stirling / Montrose,
East Fife / Peterhead,
Palestino / Colo Colo,
Reading / Aston Villa,
Londrina / Brasil de Pelotas,
North Carolina / Miami FC,
Persija Jakarta / PSM Makassar,
Bizertin / Etoile Sahel,
Machine Sazi / Fajr Sepasi,
Baderan Tehran / Iranjavan,
Rafsanjan / Aluminium Arak,
Bargh / Rah Ahan,
Oxin Alborz / Malavan,
Mes / Khooneh Be Khooneh,
Saba Qom / Naft Ahvaz,
S. Rzeszow / R. Rzeszow,
Ammerthal / Wurzburger Kickers II,
Aschaffenburg / Erlenbach,
Landsberg / Vilzing,
Sonthofen / Pullach,
Schwabmunchen / Wolfratshausen,
Aubstadt / Erlangen,
Jahn Forchheim / Weiden,
Spvgg Ansbach 09 / Gebenbach,
Eltersdorf / Grossbardorf,
Teplice U19 / Slavia Prague U19,
Puebla / Club Tijuana,
Queretaro / Pachuca,
Nautico / Figueirense,
Santos Laguna / Juarez,
Chorrillo / Santos DG,
Orange County SC / Tulsa Roughnecks,
Ceske Budejovice U19 / Sparta Prague U19,
Nurnberg U19 / Freiburg U19,
Hannover U19 / Chemnitzer FC U19,
Mito / Kyoto,
Chiba / Shonan,
Yamaga / Montedio Yamagata,
Okayama / Ehime,
Renofa Yamaguchi / Kusatsu,
Kamatamare / Yokohama,
Kumamoto / Gifu,
Oita / Verdy,
Subiaco / ECU Joondalup,
Home Utd / Brunei DPMM,
Shanghai SIPG / Guangzhou Evergrande,
Union Berlin U19 / St. Pauli U19,
Dynamo Barnaul / Sakhalin,
Omsk / Smena Komsomolsk,
Ventspils / FK Liepaja,
Utenis / Trakai,
Belusa / Z. Moravce,
Mikkeli / Klubi 04,
Ben Guerdane / Zarzis,
Stuttgart U19 / Augsburg U19,
Dusseldorf U19 / Fortuna Koln U19,
Tromsdalen / Sandnes,
Hamburger SV U19 / Wolfsburg U19,
Strommen / Ranheim,
Akropolis / Hammarby,
Lugano / St. Gallen,
Tartu Welco / Infonet Tallinn II,
Zalgiris / Jonava,
Bodo/Glimt / Fredrikstad,
Jerv / Arendal,
Asane / Kongsvinger,
Karlskrona / Kristianstads,
Vestmannaeyjar / Olafsvik,
Club Africain / Gabes,
Sfaxien / Monastir,
Motherwell U20 / Queen's Park,
Leatherhead / Worthing,
Norwich / QPR,
Frome / Weymouth,
Zulia / JBL Zulia,
Portuguesa / Lara,
Atl. Venezuela / La Guaira,
Tigres / Bucaramanga,
Petrolera / Dep. Pasto,
Real Madrid / Barcelona,
Patriotas / Santa Fe,
Jacksonville A. / Puerto Rico,
Caracas / Metropolitanos,
Mineros / Monagas,
Dep. Tachira / Trujillanos,
Estudiantes Merida / Zamora,
Dep. Anzoategui / Aragua,
Montreal Impact / Chicago Fire,
Sport Boys / Nacional Potosi,
Boston Breakers W / Houston Dash W,
Heimstetten / Kirchanschoring,
Rudar / OFK Petrovac,
Decic / Grbalj,
Buducnost / Mladost Podgorica,
Oponice / Slovan Most,
San Francisco / Diriangen,
Drava / Brda,
Ilocos United / Stallion,
Amberg / Sand,
Kaiserslautern U19 / Unterhaching U19,
Hertha U19 / RB Leipzig U19,
Dachau / Munich 1860 II,
SW Essen / Hilden,
Germania Ratingen / Bocholt,
Koper / Korotan,
Sutjeska / Iskra,
Holstein Kiel U19 / Niendorfer TSV U19,
Chicago W / Seattle Reign W,
Kansas City W / Portland Thorns W,
Club Leon / Veracruz,
Botafogo RJ / Flamengo RJ,
Gremio / Cruzeiro,
Dep. Cali / Ind. Medellin,
UAEM Potros / Club America,
Aguila / Arabe Unido,
Tosno U21 / SKA Khabarovsk U21,
Balestier Khalsa / Warriors,
Kauno Zalgiris / Stumbras,
Tractor / Naft Tehran,
Zob Ahan / Sepahan,
Ferencvaros / Haladas,
Saipa / Esteghlal F.C.,
BATE (Blr)  / Oleksandriya (Ukr),
Munich 1860 / Illertissen,
Ull/Kisa / Start,
LSK Kvinner W / Avaldsnes W,
Selfoss / Leiknir,
Huila / Junior,
Once Caldas / Deportes Tolima,
Valencia W (Esp)  / Atletico Madrid W (Esp),
OFI Crete (Gre)  / Kissamikos (Gre),
Dikkelvenne (Bel)  / Dender (Bel),
Duisburg W (Ger)  / B. Monchengladbach W (Ger),
Villarrobledo (Esp)  / Albacete (Esp),
Penarol (Uru)  / Danubio (Uru),
B36 Torshavn / NSI Runavik,
Belasica / Pelister,
Baumberg / TuRU Dusseldorf,
Al Buqaa / Al Faisaly Amman,
Esteli / Juventus Managua,
Kom Podgorica / Zeta,
Charlotte Independ. / Bethlehem,
Aqaba / Shabab Al Ordon,
Millonarios / Jaguares de Cordoba,
Alianza FC / Olimpia,
Laos U23 / Singapore U23,
Brunei U23 / Myanmar U23,
Arema FC / Balikpapan,
Hougang / Geylang,
Met. Bekobod / Lok. Tashkent,
Din. Samarkand / Pakhtakor,
Nasaf Qarshi / Bunyodkor,
Banants Yerevan / Alashkert,
Barnsley U23 / Colchester U23,
H. Nazareth / H. Marmorek,
Hapoel Petah Tikva / Hapoel Katamon,
M. Herzliya / Hapoel Afula,
Spartak Moscow U21 / Lokomotiv Moscow U21,
Shakhtar Donetsk U21 / Olimpik Donetsk U21,
Biolog / SKA Rostov,
Naftan / Dnepr Mogilev,
Gorica / NK Dinamo Zagreb 2,
Al Ahli / Al Ramtha,
Vladimir / Znamya Truda,
Rubin Kazan U21 / Anzhi U21,
TPS / Ekenas,
OPS / Jaro,
Kaluga / Ryazan,
Botev Plovdiv / Cherno More,
FC Gomel / Isloch Minsk,
Sillamae / Kalju,
Kiffen / JaPS,
Dinamo Batumi / Shukura,
Foolad / Gostaresh,
Padideh Khorasan / Esteghlal Khuzestan,
Mioveni / Satu Mare,
Al Batin / Ohud,
A. Lustenau / BW Linz,
Neustadt / Wattens,
FAC Wien / Kapfenberg,
Hvidovre / B.93,
Marienlyst / Kolding IF,
Flora / Paide,
Darmstadt / St. Pauli,
Braunschweig / Aue,
Schalding / Seligenporten,
Oldenburg / Braunschweig II,
Birkirkara / Floriana,
Tosno / SKA Khabarovsk,
Podbrezova / Ruzomberok,
Linkopings W / Orebro W,
Denizlispor / Istanbulspor AS,
Sturm Graz (Am) / AC Wolfsberger (Am),
Pasching / A. Klagenfurt,
Deutschlandsberger / Florian,
Rosenheim / Ingolstadt II,
Buchbach / Garching,
Halberstadt / Oberlausitz,
Babelsberg / Furstenwalde,
Stuttgart II / Elversberg,
Hoffenheim II / TSV Steinbach,
Jonkopings / Elfsborg,
Bunkeflo W / Hammarby W,
Uddevalla / Grebbestads,
Orgryte / Frej,
Wiener Sportklub / Stadlau,
Schwechat / Neusiedl,
Horn / St. Polten (Am),
Ebreichsdorf / FK Austria Vienna (Am),
Debrecen / Vasas,
Differdange / Benfica,
Pirin Blagoevgrad / Levski,
Istra 1961 / Cibalia,
Dragovoljac / Dugopolje,
Everton U23 / Leicester U23,
Middlesbrough U23 / Norwich U23,
West Brom U23 / Newcastle Utd U23,
Auxerre / Orleans,
Clermont / Lorient,
Le Havre / Valenciennes,
Nancy / Sochaux,
Niort / Tours,
Reims / Bourg Peronnas,
AC Ajaccio / Paris FC,
Creteil / Avranches,
Concarneau / Chambly,
Les Herbiers / Lyon Duchere,
Thor Akureyri / Fram,
Cambuur / Jong Ajax,
Volendam / Helmond,
Waalwijk / FC Emmen,
Eindhoven FC / Telstar,
Sittard / Dordrecht,
Nijmegen / Almere City,
Roda / Vitesse,
Chojniczanka / Podbeskidzie,
Legnica / Zaglebie Sosnowiec,
Bidvest Wits / Cape Town City,
Xamax / Schaffhausen,
Chelsea U23 / Derby U23,
Sparta Prague / Slovacko,
Randers FC / Silkeborg,
Alianza Atl. / AD Cantolao,
Leganes / Alaves,
Wacker Innsbruck / Liefering,
St. Liege / Waregem,
Lierse / KSV Roeselare,
Bayern Munich / Bayer Leverkusen,
Cracovia / Gornik Z.,
Burton / Birmingham,
Metz / Monaco,
Shelbourne / Cobh Ramblers,
Waterford / UC Dublin,
Bray / Drogheda,
Galway / Shamrock Rovers,
St. Patricks / Finn Harps,
Hibernians / St. Andrews,
Tarxien / Hamrun,
Ruch / Olsztyn,
Kasimpasa / Besiktas,
Manisaspor / Samsunspor,
Newtown / Druids,
Wexford / Cabinteely,
Aberystwyth / Llandudno,
Throttur / Kopavogur,
Haukar / Keflavik,
Tenerife / Zaragoza,
Valencia / Las Palmas,
Juan Aurich / Cajamarca,
Independiente / Sportivo Trinidense,
Juventude / Vila Nova FC,
A. Italiano / Deportes Temuco,
Criciuma / Oeste,
Sand / Eltersdorf,
Weiden / Aschaffenburg,
TuS Osdorf / TSV Buchholz 08,
Merseburg / Sandersdorf,
Ederbergland / Hessen Dreieich,
Malchower / 1.FC Frankfurt,
Motala / Sylvia,
Harnosands / Soderhamns,
Lindsdals / IFK Hassleholm,
Hassleholms IF / Kvarnby,
Avezzano (Ita)  / Pescara (Ita),
Pazarspor (Tur)  / Al Taee (Sau),
AO Paniliakos (Gre)  / Asteras Tripolis (Gre),
Denia (Esp)  / Levante UD B (Esp),
Cabecense (Esp)  / Coria C.F. (Esp),
Krylya Sovetov Samara 2 / Nosta,
Ferretti / Plaza Amador,
Sindjelic Beograd / Pivara,
Ireland Univ. / France Univ.,
Cilegon United / PS Bengkulu,
Targu Mures / Luceafarul Oradea,
Portland 2 / Seattle 2,
Monarcas / Pachuca,
Goias / America MG,
Swope Park / Real Monarchs,
Atlante / Correcaminos,
Santa Gema / San Francisco,
Cafetaleros de Tapachula / Zacatepec,
Club Tijuana / Santos Laguna,
Alianza / Chorrillo,
Portland Timbers / New York Red Bulls,
Cimarrones de Sonora / Atl. San Luis,
Murcielagos / Celaya,
Hobart Zebras / Northern Rangers,
Kingborough Lions / Devonport,
Olympia Warriors / Clarence Utd.,
Croydon Kings / West Adelaide,
NE Metrostars / Adelaide City,
Ural U21 / CSKA Moscow U21,
Manly Utd / Sydney Olympic,
Armadale / Subiaco,
Stirling Lions / Sorrento,
Inglewood Utd / Balcatta,
ECU Joondalup / Perth Glory U21,
Ipswich Knights / Capalaba FC,
Moreton Bay Utd / Gold Coast City,
Yanbian / Jiangsu Suning,
Balotesti / Afumati,
FK Pardubice / Usti nad Labem,
Trinec / Olympia Praha,
Holland Park Hawks / Peninsula,
Rochedale / Mitchelton,
Brisbane City / Sunshine Coast,
F.N.Q. Heat / SWQ Thunder,
Clinceni / UTA Arad,
Amkar U21 / Zenit Petersburg U21,
Guizhou Zhicheng / Shanghai SIPG,
Kashima / Shimizu,
Wolfsburg II / Lubeck,
Urawa / FC Tokyo,
Kawasaki Frontale / Sapporo,
Albirex Niigata / Vegalta Sendai,
Hiroshima / Kofu,
Braga B / Santa Clara,
Yenisey / Zenit Petersburg 2,
Anyang / Seongnam,
Busan / Ansan Greeners,
Bucheon FC 1995 / Gyeongnam,
Jeju Utd / Jeonnam,
Suwon Bluewings / Gangwon,
Seoul / Ulsan Hyundai,
Jeonbuk / Gwangju FC,
Ostersund IFK / Moron,
Famalicao / Benfica B,
SG Dynamo Dresden / Sandhausen,
Dusseldorf / Kaiserslautern,
Heidenheim / Duisburg,
FK Akzhayik / Aktobe,
Omsk / Sakhalin,
Dynamo Kiev U21 / Stal Kamianske U21,
Sheffield Utd / Barnsley,
Baoding Yingli Yitong / Shanghai Shenxin,
Swansea / Manchester United,
Lokomotive Leipzig / Luckenwalde,
Dynamo Barnaul / Smena Komsomolsk,
Kilmarnock / Celtic,
Savedalens / Halmia,
Hebei / Beijing Guoan,
Liaoning / Tianjin Teda,
Shanghai Shenhua / Guangzhou Evergrande,
Seekirchen / SV Worgl,
Dalum IF / Greve IF,
SV Werder Bremen II / Wehen,
Erfurt / Paderborn,
Sonnenhof Grossaspach / Aalen,
Chemnitzer / VfL Osnabruck,
Hallescher / Unterhaching,
Preussen Munster / Magdeburg,
Wurzburger Kickers II / Spvgg Ansbach 09,
Wolfratshausen / Sonthofen,
Nurnberg II / Augsburg II,
Burghausen / Furth II,
SpVgg Bayreuth / Schweinfurt,
B. Monchengladbach II / Dusseldorf II,
Bonner / Wiedenbruck,
Viktoria Koln / Alemannia Aachen,
Rodinghausen / Oberhausen,
Dynamo SPB / Tomsk,
Tyumen / FK Krylya Sovetov Samara,
Chita / Zenit Irkutsk,
Ural / CSKA Moscow,
Kristianstads W / Djurgarden W,
Skiljebo / Sundbybergs,
Timra / Valbo FF,
Torns / IFK Berga,
Dalstorps / Torslanda,
Tenhults / Vinbergs,
Obod / Buxoro,
Red Star / Consolat,
BK Frem / Naestved,
AB Copenhagen / Hillerod,
Odder / Jammerbugt,
Levadia / Parnu JK Vaprus,
Lens / Brest,
Kirchanschoring / Landsberg,
Vilzing / Ismaning,
Lohfelden / Alzenau,
Vellmar / Baunatal,
V. Haugesund / Vidar,
Roa W / Kolbotn W,
Blekitni Stargard / Pruszkow,
Orenburg / Luch Energiya,
FK Chimki Moskovska oblast / Shinnik Yaroslavl,
Dynamo Moscow U21 / Ufa U21,
Supersport Utd / Mamelodi Sundowns,
Polokwane / Baroka,
Amazulu / Free State Stars,
Rosengard W / Eskilstuna United W,
Sandvikens / Enskede,
Skovde AIK / Rosengard,
Norrtalje / Stromsbergs,
Hoganas / Eskilsminne,
Hoffenheim / SV Werder Bremen,
Hertha Berlin / VfB Stuttgart,
Hamburger SV / FC Augsburg,
1. FSV Mainz 05 / Hannover,
Wolfsburg / Dortmund,
Walldorf II / Karlsruher II,
Sandhausen II / Balingen,
Backnang / 1. Goppinger Sportverein 1895,
Bissingen / Reutlingen,
Bahlinger / FC 08 Villingen,
Arka Gdynia / Pogon Szczecin,
Mashal Muborak / Shortan Guzor,
Cardiff Metropolitan / Bangor City,
Connahs Q. / Carmarthen Town,
Rapid Vienna / Sturm Graz,
S. Wanderers / U. Catolica,
Burgess Hill / Folkestone,
Dulwich Hamlet / Billericay,
Enfield Town / Metropolitan,
Hendon / Harlow,
Leatherhead / Harrow,
Lowestoft / Worthing,
Margate / Leiston,
Needham Market / Wingate &amp; Finchley,
Staines / Kingstonian,
Aston Villa / Norwich,
Bolton / Derby,
Bristol City / Millwall,
Fulham / Sheffield Wed,
Ipswich / Brentford,
Nottingham / Middlesbrough,
Preston / Reading,
QPR / Hull City,
Wolves / Cardiff,
Bury / Bristol Rovers,
Charlton / Northampton,
Doncaster / Blackpool,
Fleetwood Town / AFC Wimbledon,
Milton Keynes Dons / Gillingham FC,
Oldham / Wigan,
Peterborough / Rotherham,
Portsmouth / Walsall,
Scunthorpe / Oxford Utd,
Shrewsbury / Rochdale,
Accrington / Mansfield,
Carlisle / Cheltenham,
Chesterfield / Port Vale,
Crawley Town / Cambridge Utd,
Crewe / Barnet,
Luton / Colchester,
Morecambe / Swindon,
Wycombe / Notts County,
Ashton Utd / Grantham,
Coalville / Warrington,
Marine / Barwell,
Nantwich / Workington,
Stafford / Buxton,
Whitby / Stourbridge,
Bournemouth / Watford,
Burnley / West Brom,
Leicester / Brighton,
Liverpool / Crystal Palace,
Southampton / West Ham,
Stortford / Weymouth,
Dorchester / Kings Lynn,
Frome / Biggleswade Town,
Hitchin / Banbury,
Kettering / Basingstoke,
St Ives / Kings Langley,
Stratford / St. Neots,
Dunstable Town / Merthyr Town,
Boreham Wood / Aldershot,
Chester / Sutton,
Dover Ath. / Barrow,
Eastleigh / Tranmere,
Gateshead / Macclesfield,
Guiseley / Torquay,
Maidenhead / Ebbsfleet,
Solihull / Halifax,
Maidstone / Wrexham,
Alfreton / Southport,
Boston / Chorley,
Bradford PA / United of Manchester,
Darlington / Telford,
Leamington / Stockport,
Salford / Kidderminster,
Tamworth / Curzon,
Bognor / Weston,
Concord / Whitehawk,
Gloucester City / Hemel,
Poole Town / St. Albans,
Truro / Eastbourne Borough,
Wealdstone / Chelmsford,
Welling / Hungerford,
TPV / KaPa,
GBK Kokkola / VIFK,
PS Kemi / Inter Turku,
HIFK / Rovaniemi,
AC Oulu / Gnistan,
Honka / Haka,
Grossbardorf / Wurzburger FV,
Erlenbach / Aubstadt,
Ballinamallard / Cliftonville,
Crusaders / Coleraine,
Dungannon / Linfield,
Glentoran / C. Rangers,
Warrenpoint / Ards,
Asker / Follo,
K. Oslo / Kjelsas,
Fram / Notodden,
Egersunds / Vindbjart,
Klepp W / Sandviken W,
FC Tambov / Kuban,
Lipetsk / Saturn Ramenskoye,
FK Rostov U21 / Krasnodar U21,
Dunfermline / Falkirk,
Livingston / St. Mirren,
Queen of South / Dumbarton,
Albion Rovers / Airdrieonians,
Alloa / Queen's Park,
Arbroath / East Fife,
Berwick / Annan,
Elgin City / Clyde,
Montrose / Cowdenbeath,
Stenhousemuir / Peterhead,
Stirling / Edinburgh City,
Aberdeen / Dundee FC,
Hibernian / Hamilton,
Motherwell / Ross County,
Rangers / Hearts,
St Johnstone / Partick,
Triglav / ND Gorica,
AFC Eskilstuna / Malmo FF,
Vasalunds / Carlstad,
Utsiktens / Ljungskile,
Qviding / Mjallby,
Karlstad / Lidkopings FK,
Gaellivare Malmberget / Anundsjo,
Syrianska / Osters,
Kramatorsk / Desna,
Sumy / Helios,
Karpaty U21 / Oleksandriya U21,
Neftchi Fargona / Navbahor Namangan,
Qizilqum Zarafshon / Kokand 1912,
Olmaliq / Sogdiana,
Kitzbuhel / Schwaz,
Gandzasar / Shirak Gyumri,
Stadl Paura / Gleisdorf,
Hohenems / Dornbirn,
Gorodeja / Slutsk,
Zlin / Karvina,
Ostrava / Teplice,
Mas Taborsko / Pribram,
SJK / Lahti,
Lyon / Bordeaux,
Saburtalo Tbilisi / Samtredia,
Mladost Podgorica / Kom Podgorica,
Grbalj / Buducnost,
Rudar / Decic,
Ol. Grudziadz / Chrobry Glogow,
Pogon Siedlce / Suwalki,
Puszcza / Odra Opole,
Rakow / GKS Katowice,
Legionowo / Radomiak Radom,
Tondela / Estoril,
Covilha / Guimaraes B,
U. Madeira / Academica,
CD Cova da Piedade / Arouca,
Varzim / Gil Vicente,
Academico Viseu / Leixoes,
FC Porto B / Penafiel,
Backa / Mladost,
Zvolen / Pohronie,
Upsala / Aspudden Tellus,
FC Dnipro Cherkasy / FC Poltava,
Vereya / Lok. Plovdiv,
RW Frankfurt / Hadamar,
Gaz Metan Medias / Poli Timisoara,
JS Kairouan / Metlaoui,
Stade Gabesien / CO Medenine,
Qarabag / Inter Baku,
Zhodino / Vitebsk,
Genk / Charleroi,
Opava / Sokolov,
FC Copenhagen / Sonderjyske,
Spielberg / FC Nottingen,
Puskas Academy / Balmazujvaros Sport,
H. Raanana / Shmona,
Juventus / Cagliari,
UNA Strassen / Niedercorn,
Lillestrom / Valerenga,
Piast Gliwice / Korona Kielce,
Armavir / Afips,
FK Chayka / Krasnodar 2,
Orlando Pirates / Chippa Utd.,
Llagostera / Alcoyano,
Degerfors / Varbergs,
Kardemir Karabuk / Basaksehir,
Hapoel Haifa / Ashkelon,
Celta Vigo / Real Sociedad,
TNS / Bala,
AC Wolfsberger / Admira,
Ind. del Valle / Dep. Cuenca,
Sunderland / Leeds,
Stoke City / Arsenal,
Schalke / RB Leipzig,
Twente / Venlo,
Trnava / Slovan Bratislava,
Shakhtar Donetsk / Olimpik Donetsk,
Bursaspor / Alanyaspor,
Lafnitz / Allerheiligen,
AEL Limassol / Aris,
Torpedo Kutaisi / Dila Gori,
ROW Rybnik / Wisla Pulawy,
Baltika / F. Voronezh,
Rubin Kazan / FK Anzi Makhackala,
Sp. Subotica / FK Vozdovac,
Poprad / L. Mikulas,
Trencin / Michalovce,
Z. Moravce / Presov,
Senica / Nitra,
Alcorcon / Gijon,
Osasuna / Sevilla FC B,
Baleares / Villarreal B,
Saguntino / Ebro,
Vilassar de Mar / Prat,
Vilafranca / L Hospitalet,
Chiasso / Wil,
Zurich / Young Boys,
Giresunspor / Adanaspor AS,
Obolon Brovar Kyjev / Mykolaiv,
Guimaraes / Sporting,
Limerick / Bohemians,
U. San Martin / FBC Melgar,
Atarfe Industrial / Jaen,
AZ Alkmaar / Den Haag,
Eupen / Oostende,
FK Sarajevo / Zeljeznicar,
Macae / Botafogo SP,
Mlada Boleslav / Liberec,
Montpellier / Strasbourg,
Nice / Guingamp,
Rennes / Dijon,
St Etienne / Amiens,
Troyes / Nantes,
Stade Bordelais / Grasse,
FC Juventus Bucuresti / FCSB,
Cukaricki / Radnicki Nis,
Javor / Vojvodina,
Ferrol / Coruxo FC,
Marbella / Merida AD,
Ajax Cape Town / Golden Arrows,
Maribor / Krsko,
KV Mechelen / Antwerp,
U. Espanola / San Luis,
Olympiakos Piraeus / AEL Larissa,
Ujpest / DVTK,
Jagiellonia / Slask Wroclaw,
Cordoba / Cadiz CF,
Numancia / Huesca,
Racing Montevideo / CA Cerro,
Boston River / Plaza Colonia,
Club Nacional / Juventud,
Fenix / Sud America,
Verona / Napoli,
Valletta / Mosta,
Heerenveen / Heracles,
Osmanlispor / Galatasaray,
Sivasspor / Yeni Malatyaspor,
Adana Demirspor / Rizespor,
Wilstermann / Nacional Potosi,
Corinthians / Vitoria,
Confianca / CSA,
Magallanes / D. Puerto Montt,
Rijeka / Lok. Zagreb,
Real Madrid B / Rayo Majadahonda,
Cartagena / Recreativo Huelva,
Extremadura UD / Cordoba B,
Guarani / Santa Cruz,
Boa / Ceara,
CRB / Luverdense,
Benfica / Belenenses,
Caracas / Zulia,
Aguilas / Tigres,
Sevilla / Espanyol,
Antofagasta / Palestino,
Lara / La Guaira,
The Strongest / Petrolero de Yacuiba,
Aguila / FAS,
Barnechea / Copiapo,
Coquimbo / Nublense,
Cruz Azul / Atlas,
Libertad Asuncion / Diaz,
Bucaramanga / Patriotas,
Sampaio Correa / Fortaleza,
Santa Fe / Dep. Cali,
Sport Boys / U. Sucre,
Colo Colo / U. De Concepcion,
Orlando City / Columbus Crew,
Montreal Impact / Real Salt Lake,
New York Cosmos / Indy Eleven,
Broadmeadow / Edgeworth E.,
Al Karamah / Foutoua,
Al Jazira / Al Wahda,
Al Jaish / Wathbah,
Duisburg W (Ger)  / Bochum W (Ger),
PSV W (Ned)  / Genk W (Bel),
Gornik Z. 2 / Unia Turza Slaska,
Pfeddersheim / Jagersburg,
Engers / Kaiserslautern II,
San Fernando / Villanovense,
Jena II / Barleben,
Plauen / Halle,
Pirmasens / TuS RW Koblenz,
Schilksee / Dornbreite Lubeck,
Sleipner / Orebro Syr.,
Boston Breakers W / Orlando Pride W,
Llanes / Union Club Ceares,
Orange County SC / Phoenix Rising,
New York Red Bulls 2 / Cincinnati,
Rochester / Charleston,
Usti nad Orlici / Jirny,
Motorlet Prague / Louny,
FK Pardubice U19 / Teplice U19,
Slovacko U19 / Bohemians 1905 U19,
Albacete B / Villarrubia,
Highlands / Jomo Cosmos,
Mbombela / Black Leopards,
Kratonohy / Caslav,
Sloboda / Proleter,
Lokomotiv Gomel / Smolevichi STI,
Volna Pinsk / Luch Minsk,
Lida / Osipovici,
Chimik Svetlogorsk / FC Slonim,
Carabobo / Dep. Tachira,
Krupa / Celik Zenica,
Unterhaching U19 / Hoffenheim U19,
St. Pauli U19 / Hertha U19,
Uhersky Brod / Kromeriz,
San Francisco / Ocotal,
Slavia Prague U19 / Pribram U19,
Atl. Veraguense / Independiente,
Zirka Kropyvnytskyi U21 / Zorya U21,
Yadah / Chapungu Utd,
Parma (Ita)  / Empoli (Ita),
Kisvarda / Gyirmot SE,
Landhaus W / Graz W,
Gyor / Csakvari,
Wisla U19 / Progres Krakow U19,
UK Lodz U19 / R. Rzeszow U19,
Rogaska / Tabor Sezana,
Braunschweig U19 / Bremen U19,
Cesky Krumlov / Brezova,
Kuban 2 / Mashuk,
Dynamo Stavropol / Maykop,
Augsburg U19 / Eintracht Frankfurt U19,
Vladikavkaz / Angust Nazran,
Sundsvall W / Uppsala W,
Strani / Tisnov,
Rosice / Tasovice,
Zdar na Sazavou / Bzenec,
Nove Sady / Brumov,
Hranice / Novy Jicin,
Alebrijes Oaxaca / Dorados de Sinaloa,
Veracruz / Queretaro,
Chicago Fire / Toronto FC,
San Francisco Deltas / North Carolina,
Club Leon / Monterrey,
Chalatenango / Luis Angel Firpo,
Sonsonate / Pasaquina,
Sporting Kansas City / FC Dallas,
Dep. Pasto / Ind. Medellin,
Carmelita / Cartagines,
Santos DG / Liberia,
Juarez / Zacatecas Mineros,
Tampico Madero / UAEM Potros,
Colorado Rapids / DC United,
Vancouver Whitecaps / Houston Dynamo,
Portland Thorns W / Houston Dash W,
Guadalajara Chivas / Puebla,
Lambton J. / Hamilton Olympic,
Blacktown City / Rockdale City Suns,
Brisbane U21 / Redlands,
Hume City / North Geelong,
Green Gully / Pascoe Vale,
Port Melbourne Sharks / Avondale FC,
Bentleigh Greens / Oakleigh Cannons,
Melbourne Knights / St Albans,
Olympic FC / Brisbane Strikers,
Beijing Technology / Shenyan Dongjin,
Bhayangkara Utd / Sriwijaya,
Zizkov / Vitkovice,
Unicov / Prostejov,
Dukla Prague U21 / Bohemians 1905 U21,
Karvina U21 / Slovacko U21,
Karlsruher U19 / Nurnberg U19,
Schalke U19 / Koln U19,
Montedio Yamagata / Chiba,
Kusatsu / Kanazawa,
Yokohama / Mito,
Nagoya / Avispa Fukuoka,
Gifu / Kamatamare,
Kyoto / Oita,
Okayama / Yamaga,
Ehime / Machida,
Kobe / Yokohama M.,
Tokushima / Renofa Yamaguchi,
Pena / R. Union,
Ath Bilbao B / UD Logrones,
Hradec Kralove U21 / Ceske Budejovice U21,
Odense / Midtjylland,
Kaiserslautern U19 / Mainz U19,
Shonan / Kumamoto,
Daejeon / Seoul E.,
Suwon City / Asan Mugunghwa,
Incheon / Pohang,
Daegu / Sangju Sangmu,
Atl. Madrid B / G. Segoviana,
San Sebastian Reyes / Ponferradina,
Excelsior / Feyenoord,
Chemnitzer FC U19 / Union Berlin U19,
Fortuna Koln U19 / Bochum U19,
Oberhausen U19 / Paderborn U19,
Nurnberg / Union Berlin,
Ingolstadt / Regensburg,
Hertha Berlin II / Nordhausen,
Berliner AK 07 / Viktoria Berlin,
BFC Dynamo / Altglienicke,
Meuselwitz / Neustrelitz,
Auerbach / Energie Cottbus,
Persib Bandung / Gresik,
Beijing / Nei Mongol,
Guangzhou R&amp;F / Shandong Luneng,
Henan Jianye / Chongqing Lifan,
Wurzburger Kickers / Hansa Rostock,
St. Pauli II / Hildesheim,
TSV Havelse / Norderstedt,
Kickers Offenbach / Kassel,
Mannheim / Freiburg II,
RW Essen / Koln II,
Tobol / Taraz,
Nybergsund / Alta,
Honefoss / Byasen,
Amkar / Zenit Petersburg,
Osterlen FF / Asarums,
Anderlecht / St. Truiden,
Canon Yaounde / Aigle Royal,
Vendsyssel FF / Brabrand,
Fredericia / Roskilde,
Koge / Nykobing,
F. Amager / Viborg,
Huddersfield / Newcastle Utd,
Ajax / Groningen,
Utrecht / Willem II,
Thailand U23 / Cambodia U23,
Ararat Yerevan / Pyunik Yerevan,
Kapaz / Zira,
Liverpool U23 / Sunderland U23,
Levadia U21 / Tartu Welco,
Lille / Caen,
Gonsenheim / SV Saar 05 Saarbrucken,
Bloem Celtic / Kaizer Chiefs,
Platinum Stars / Maritzburg Utd,
Ostersunds / AIK,
Djurgarden / Halmstad,
Skelleftea / Bodens,
Brommapojkarna / Varnamo,
Helsingborg / GAIS,
Neman / Din. Minsk,
Poti / Lokomotiv Tbilisi,
SC Freiburg / Eintracht Frankfurt,
Derry City / Dundalk,
I. Pavlodar / Kaisar Kyzylorda,
Plock / Legia,
SK Rapid Vienna (Am) / First Vienna,
Beerschot Wilrijk / Tubize,
Hobro / Lyngby,
Lahti Akatemia / Sudet,
AC Kajaani / JBK,
GrIFK / KPV Kokkola,
Dudelange / Jeunesse Esch,
Nardo / Fana,
Spartak Moscow 2 / R. Volgograd,
Detva / MSK Martin,
Habo / S. Kerbura,
Aarau / Vaduz,
Basel / Lugano,
Grasshoppers / St. Gallen,
Sion / Luzern,
Karpaty / Oleksandriya,
Zirka Kropyvnytskyi / FK Zorya Luhansk,
Salzburg / St. Polten,
Dynamo Moscow / Ufa,
Akhmat Grozny U21 / Arsenal Tula U21,
Gute / Karlslunds,
Sparta Rotterdam / Zwolle,
Breda / PSV,
Team TG FF / Nykopings,
FC Minsk / Slavia Mozyr,
Radnik Bijeljina / GOSK Gabela,
Dragon de Yaounde / Eding Sport,
Deportes Iquique / Curico Unido,
Jablonec / Dukla Prague,
Jihlava / Plzen,
Sigma Olomouc / Brno,
Vlasim / Varnsdorf,
Ceske Budejovice / Hradec Kralove,
Tottenham / Chelsea,
Pelister / Rabotnicki,
Vardar / Pobeda,
Marseille / Angers,
Camara de Lobos / Mondinense,
Setubal / Chaves,
Trebisov / Lok. Kosice,
Falkenbergs / Atvidabergs,
Aragua / Estudiantes Merida,
Slavia Sofia / Etar,
Ghana / Burkina Faso,
Admira (Am) / Amstetten,
BATE / Krumkachy,
Narpes Kraft / OTP,
VPS / Ilves,
KuPS / Mariehamn,
JJK Jyvaskyla / HJK,
FC Viitorul / CS U. Craiova,
Sirius / Norrkoping,
Goteborg / Hacken,
Stade Tunisien / Sfaxien,
Gabala / SumQayit,
Kortrijk / Club Brugge KV,
Nea Salamis / Anorthosis,
B. Monchengladbach / FC Koln,
Akranes / Vestmannaeyjar,
H. Akko / Sakhnin,
Atalanta / AS Roma,
Petange / Victoria Rosport,
Odd / Sandefjord,
Rosenborg / Haugesund,
Tromso / Aalesund,
Start / Tromsdalen,
Mjondalen / Strommen,
Asane / Ull/Kisa,
Grand Bodo W / Stabaek W,
Freamunde / Salgueiros,
Gafanha / Oleiros,
Olhanense / Almancilense,
Kerkyra / Panionios,
AEK Athens FC / Panetolikos,
Levadiakos / PAOK,
Fola / Racing Luxembourg,
Sport Huancayo / Sporting Cristal,
Ath Bilbao / Getafe,
Popayan / Llaneros,
Dinamo Tbilisi / Chikhura,
Dun. Streda / Zilina,
Somozas / Arenteiro,
Vorskla Poltava / Mariupol,
Eskisehirspor / Elazigspor,
Mattersburg / Austria Vienna,
Zeledon / Limon,
Saprissa / U.C.R.,
EL Nacional / LDU Quito,
Delfin / Emelec,
Municipal / Marquense,
Monopoli / Andria,
Toluca / Necaxa,
FC Porto / Moreirense,
FK Rostov / Krasnodar,
R. Oviedo / Rayo Vallecano,
Burgos / Caudal Deportivo,
Badalona / Lleida,
Jumilla / El Ejido,
Mouscron / Gent,
Sloboda / Zrinjski,
Siroki Brijeg / Mladost DK,
Borac Banja Luka / NK Vitez,
Olafsvik / Breidablik,
Vikingur Reykjavik / KA Akureyri,
Maccabi Tel Aviv / Beitar Jerusalem,
Viking / Brann,
CFR Cluj / Voluntari,
Domzale / Aluminij,
Terrassa / CF Gava,
Esperance Tunis / Ben Guerdane,
Etoile Sahel / Gabes,
Monastir / Club Africain,
Garcilaso / Alianza Lima,
Barcelona / Betis,
Iberia / San Felipe,
Everton / O'Higgins,
Reggina 1914 / Catanzaro,
Gimnastic / Almeria,
Sisley / Penarol,
Liverpool M. / River Plate,
Wanderers / Danubio,
Rampla Juniors / Defensor Sp.,
Bologna / Torino,
Crotone / AC Milan,
Inter / Fiorentina,
Sassuolo / Genoa,
Udinese / Chievo,
Antalyaspor / Akhisar Genclik Spor,
Fenerbahce / Trabzonspor,
Real Potosi / Bolivar,
Cruzeiro / Sport Recife,
Ponte Preta / Botafogo RJ,
Avai / Sao Paulo,
ASA / Moto Club,
Bogota / Chico,
D. Zagreb / Belupo,
Osijek / Zapresic,
Sol de America / Rubio Nu,
Aves / Braga,
Maritimo / Boavista,
Fuerza A. / U. Catolica,
Edmonton / Puerto Rico,
Trujillanos / Atl. Venezuela,
Metropolitanos / Mineros,
Jaguares de Cordoba / Envigado,
Dep. La Coruna / Real Madrid,
U. de Deportes / Union Comercio,
Sport Victoria / Cienciano,
Sport Loreto / Sport Boys,
Alfredo Salinas / Sport Ancash,
Remo / Botafogo PB,
U. De Chile / Huachipato,
Municipal Limeno / Dragon,
San Jose / Oriente Petrolero,
Coritiba / Santos,
Cuiaba Esporte / Salgueiro,
Barcelona SC / Guayaquil City,
New York City / New England Revolution,
Jacksonville A. / Miami FC,
Chicago W / Kansas City W,
Junior / Once Caldas,
Atl. Nacional / Petrolera,
Zamora / Dep. Anzoategui,
Real Santander / Leones,
Guadalupe / Alajuelense,
Blooming / Guabira,
Union La Calera / Rangers,
Bergheim W / Sudburgenland W,
Les Astres / Bamboutos FC,
Plzen U21 / Mlada Boleslav U21,
Bohumin / Dolni Benesov,
Zehlendorf / Altludersdorf,
Hansa Rostock II / Lichtenberg,
SVG Gottingen / Wunstorf,
Schalke II / Lippstadt,
Ahlen / Hammer SpVgg.,
Arminia Bielefeld II / Brunninghausen,
ASC 09 Dortmund / Ennepetal,
Rugenbergen / Pinneberg,
Ahrobiznes Volochysk / Podillya Khmelnytskyi,
Mali / Mauritania,
Bayswater / Mandurah City,
Fuzinar / Drava,
Schonnebeck / SSVg Velbert,
Radomlje / NK Kranj,
Todesfelde / NTSV Strand 08,
Holstein Kiel II / VfR Neumunster,
Vohwinkel / SW Essen,
Atletico Union Guimar / Ibarra,
Varea / Casalarreina,
Villegas / Naxara,
America De Cali / Millonarios,
FK Indjija / Bezanija,
Quintanar / Socuellamos,
Valdesoto / R. Oviedo B,
Atletico de Lugones / Tuilla,
Nybro / IFK Malmo,
Charlotte Independ. / Orlando City 2,
Tampa Bay / Ottawa Fury,
Oklahoma City Energy / San Antonio,
Sacramento Republic / Reno,
RB Leipzig U19 / Hamburger SV U19,
Niendorfer TSV U19 / Dresden U19,
Freiburg U19 / Stuttgart U19,
Bethlehem / Louisville City,
Osnabruck U19 / Hannover U19,
Siquinala / Petapa,
Grolland / OSC Bremerhaven,
Esteli / Diriangen,
Chinandega / Real Madriz,
Kano / Abia Warriors,
Sunshine Stars / Niger Tornadoes,
Shooting / Nasarawa,
Bukola Saraki / Plateau,
Ifeanyi Ubah / Akwa,
Rivers United FC / Enyimba,
Arabe Unido / Plaza Amador,
Canada Univ. W / Ireland Univ. W,
Russia Univ. W / South Africa Univ. W,
Skala Itrottarfelag / Klaksvik,
NSI Runavik / Streymur,
UCAM Murcia B / E.G. El Palmar,
Fondi / Fermana,
Deportiva Santillana / Santander B,
Carrarese / Cuneo,
Fano / Ravenna,
Pistoiese / Pontedera,
Dacia Chisinau / Zimbru Chisinau,
HB Torshavn / 07 Vestur Sorvagur,
TB/FCS/Royn / IF Fuglafjordur,
Vikingur / B36 Torshavn,
Brda / Jadran Dekani,
SKCHF Sevastopol / Rubin Yalta,
Opava B / Kozlovice,
Slavicin / Frydlant n. O.,
Rahmatgonj MFS / Abahani Chittagong,
Seattle Sounders / Minnesota,
Brunei U23 / Laos U23,
Jihlava U21 / Zlin U21,
Liberec U21 / Slavia Prague U21,
Aston Villa U23 / Stoke City U23,
Madura United / Persija Jakarta,
Persela Lamongan / Mitra Kukar,
Huddersfield U23 / QPR U23,
Sheffield Wed U23 / Charlton U23,
Odds 2 / Hodd,
Brno U21 / Sigma Olomouc U21,
Crewe U23 / Millwall U23,
Sheffield Utd U23 / Cardiff U23,
Ubuntu Cape Town / Stellenbosch,
BJMC / Farashganj,
Metta/LU / Jelgava,
Ludogorets II / Pomorie,
Botev Vratsa / Nesebar,
Al Wehdat / Al Ahli,
Paide / Infonet Tallinn,
FC Botosani / Concordia,
Ol. Nicosia / Doxa,
H. Ironi Rishon / Hapoel Tel Aviv,
Hapoel Bnei Lod / Ironi Nesher,
Beitar Tel Aviv / M. Nazareth,
RFS / Riga FC,
Zaglebie / Wisla,
Hartberg / Wacker Innsbruck,
Umraniyespor / Boluspor,
Valerenga 2 / Baerum Sportsklubb,
Sarpsborg 08 / Stromsgodset,
Akhmat Grozny / Arsenal Tula,
Sundsvall / Kalmar,
Orebro / Hammarby,
IFK Lulea / Umea FC,
Gefle / Trelleborgs,
Yehuda / Maccabi Haifa,
Al Ramtha / That Ras,
Brighton U23 / Fulham U23,
Hull City U23 / Watford U23,
Jong Utrecht / Oss,
Jong PSV / Graafschap,
Din. Bucuresti / Sepsi,
Rudar / Celje,
Lugo / Reus Deportiu,
Winterthur / Servette Geneve FC,
Wattenscheid / Wuppertaler,
Finn Harps / Cork City,
Levante / Villarreal,
Arminia Bielefeld / Bochum,
Atromitos / Smyrnis,
Stourbridge / Nantwich,
Chateauroux / Nimes,
Konyaspor / Genclerbirligi,
Manchester City / Everton,
Feirense / Ferreira,
Valur / Grindavik,
Stjarnan / Fjolnir,
Malaga / Eibar,
Comerciantes Unidos / Ayacucho,
Temperley / Defensa y Justicia,
Cartagena / U. Magdalena,
La Equidad / Huila,
Gornik Z. U19 / Zielona G. U19,
Casa Pia / Lusitano VRSA,
Agueda / SB Castelo Branco,
Rayo Vallecano B (Esp)  / El Alamo (Esp),
Athletic Bilbao W (Esp)  / Atletico Madrid W (Esp),
Pedras Salgadas / Torcatense,
Lusitano FCV / Ferreira de Aves,
Uruguay Univ. / Malaysia Univ.,
South Korea Univ. / Ukraine Univ.,
Guarnizo / Siete Villas,
Juventud Torremolinos / Huetor Tajar,
Italy Univ. / Russia Univ.,
Ireland Univ. / Mexico Univ.,
Shkupi / Shkendija,
Zaria Balti / Petrocub,
Pribram U21 / Jablonec U21,
Juventus Managua / Managua FC,
Deportes Tolima / Cortulua,
Balikpapan / PS TNI,
Shanghai SIPG (Chn)  / Guangzhou Evergrande (Chn),
Istiqlol Dushanbe (Taj)  / Ceres (Phl),
Parnu JK Vaprus / Narva,
Stumbras / Zalgiris,
Ripensia Timisoara / Targu Mures,
Hibernian W / Swansea W,
Ajax W / Rigas W,
Persita / Cilegon United,
Canada Univ. W / Mexico Univ. W,
Medyk Konin W (Pol)  / Shelbourne W (Irl),
Apollon W (Cyp)  / NSA Sofia W (Bul),
Shymkent W (Kaz)  / Sporting W (Por),
MTK Hungaria W (Hun)  / Hajvalia W (Kos),
Subotica W (Srb)  / Kiryat Gat W (Isr),
Sarajevo W (Bih)  / Vllaznia W (Alb),
Minsk FK W (Blr)  / Birkirkara W (Mlt),
